Close,Open,High,Low,Volume,ATR14_pct,ATR14,TrendScore,MomentumScore,VolumeScore,VolatilityScore,OscillatorScore,BreakoutScore,ExplosivenessScore,RiskScore,risk_score,IsUltraRisky,TechRating_raw,TechRating,AlphaScore,TradeType,Symbol,market_cap,Sector,Industry,SubIndustry,Symbol,rating_score,rating_recommendation,rating_date,pt_avg,pt_high,pt_low,pt_median,pt_count,pt_currency,pt_updated,sector,QualityScore,piotroski_score,altman_z,roe_sector_pct,roa_sector_pct,gross_margin_sector_pct,operating_margin_sector_pct,net_margin_sector_pct,fcf_yield_sector_pct,net_debt_ebitda_sector_pct,interest_coverage_sector_pct,netDebtToEBITDATTM,interestCoverageRatioTTM,freeCashFlowYieldTTM,returnOnEquityTTM,returnOnAssetsTTM,grossProfitMarginTTM,operatingProfitMarginTTM,netProfitMarginTTM,fundamental_trend_score,growthRevenue,growthEPS,growthEBITDA,growthOperatingIncome,growthGrossProfitRatio,etf_holder_count,etf_weight_sum_pct,etf_holder_count_etf,etf_weight_max_pct,inst_holder_count,SponsorshipScore,has_recent_insider_buy,has_heavy_insider_sell,Signal,factor_alpha,regime_trend_TRENDING_UP,regime_trend_TRENDING_DOWN,regime_trend_SIDEWAYS,regime_vol_HIGH_VOL,regime_vol_LOW_VOL,Alpha5d,Alpha10d,AlphaScore_5d,AlphaScore_10d,ml_alpha_5d_z,ml_alpha_10d_z,ml_alpha_z,DollarVolume,alpha_blend,win_prob_10d,EntryPrice,StopPrice,TargetPrice,RewardRisk,PositionSize,LiquidityLimited,LiquidityNote,weight_suggested,alloc_suggested,weight_risk_parity,alloc_risk_parity,weight_mean_variance,alloc_mean_variance,weight_hrp,alloc_hrp,Recommendation,regime_label,regime_risk_on,regime_risk_off,macro_growth_vs_value_slope,macro_growth_vs_value_trending_up,macro_ndx_spx_ret20,macro_ndx_spx_level,macro_credit_spread_trend,macro_credit_risk_on,macro_credit_risk_off,macro_credit_spread_level,macro_curve_slope,macro_curve_steepening,macro_curve_flattening,macro_curve_short_slope,macro_curve_short_steepening,macro_curve_short_flattening,macro_equity_vol_ratio_20_60,macro_equity_high_vol,macro_equity_low_vol,macro_equity_vol_spike,macro_equity_vol_level,macro_vixy_ret20,MuHat,MuMl,MuTotal,vol_rank,vol_rank_sector,volume_rank,volume_rank_sector,days_to_earnings,days_since_earnings,earnings_surprise_flag,dividend_ex_date_within_7d,earnings_window,AlphaScorePct,SectorAlphaPct,RegimeTrend,RegimeVol,MarketRegime,CompositeScore,PlayStyle,IsStable,IsHighRisk,InstitutionalCoreScore,SectorPenalty,IsInvestorCore,IsSatellite,Tier,OptionPicks,has_upcoming_earnings,is_pre_earnings_window,is_post_earnings_window,has_dividend_soon,OptionTrade,OptionQualityScore,OptionIVRiskFlag,OptionTradeText,Rationale,MetaSummary,SetupTag,Explanation,Entry,Stop,Target
93.57,93.85,94.35,93.01,4842632.0,0.017009700989602382,1.5915977215970947,2,3,2,0,0,2,0.03713145643981375,0.14951495051988095,0.006032394033312905,False,15.641944188275248,20.304274403602385,0.0002699018456041812,None,NDAQ,52787917109.0,Industrials,"SECURITY & COMMODITY BROKERS, DEALERS, EXCHANGES & SERVICES",Other,NDAQ,,B,2025-12-10,77.29,,,,38.0,,,Industrials,60.91461396844632,9.0,2.525793566584863,74.6024096385542,69.87951807228916,63.80722891566265,76.04819277108433,76.86746987951807,61.79883945841392,25.1566265060241,39.1566265060241,2.970479704797048,0.0,0.0402696557889129,0.1395718365506431,0.053011026293469,0.4971841332027424,0.2715475024485798,0.198947110675808,4.919637225045228,0.0295566502463054,0.1129032258064515,0.0682148040638606,0.058027079303675,-0.0227198981680311,0.0,203.13347566646445,1135.0,28.0,0.0,93.48359741129212,,,Long,1.777438289554617,0.0,0.0,1.0,0.0,1.0,-0.0023079176899045706,0.0019884482,-0.0023079176899045706,0.0019884482,0.04067537732971104,0.32736918,0.21269166985373653,453125076.23999995,1.2297769726593089,0.52442247,93.73,91.18,98.82,2.0,39,False,,0.0006323637928786157,6.323637928786157,0.011681794923679416,116.81794923679416,0.0,0.0,0.0044376272735106225,44.37627273510623,Category: Neutral setup. Score: 20 (lower tier). Expected drift: near neutral. Historical analogs: neutral setups have produced steady but unspectacular moves. Role: balanced; fits as a regular position with standard risk. Low/normal volatility.. Sector watch: Industrials overweight in current list—add cautiously. Fundamental quality: respectable fundamentals. Strong institutional/ETF sponsorship (score ~93/100). Held by ~0 ETFs and ~0 institutions. Insiders active on both sides recently; monitor follow-through.,SIDEWAYS_LOW_VOL,False,True,8.972395720271872e-05,True,-0.00579966019033229,0.9000528045059846,0.008078594020530794,True,False,0.7313243169646909,0.00018135680734243358,True,False,-2.7539421193503793e-05,False,True,0.9656738579985741,False,False,False,0.12164315184995268,-0.15925058548009363,0.26521372018011924,0.0002699018456041812,0.12248338376303898,14.537444933920703,18.75,56.82819383259912,70.3125,,,False,False,False,49.33920704845815,50.0,SIDEWAYS,LOW_VOL,SIDEWAYS_LOW_VOL,17.260927408749662,Explosive,False,True,38.37288770947819,0.484375,True,False,CORE,[],False,False,False,False,,,False,,"Long – Symbol    NDAQ
Symbol    NDAQ
Name: 239, dtype: object; TechRating 20.3; AlphaScore 0.00; in a SIDEWAYS_LOW_VOL regime","This setup ranks in the top 5% of prior samples. Similar-score bucket outcomes: 5d avg 0.3%, 5d win 52%, 10d avg 0.5%, 10d win 53%.",Explosive | ICS_Q10,"This setup ranks in the top 5% of prior samples. Similar-score bucket outcomes: 5d avg 0.3%, 5d win 52%, 10d avg 0.5%, 10d win 53%.",,,
49.89,50.0,50.0,49.5,11427802.0,0.01754922418915823,0.875530794797104,2,3,2,0,-1,2,0.049652850831054085,0.1225387905420885,0.004655133936427465,False,14.735232743252531,19.315241203602024,-0.0009437265711312649,None,TFC,64369763638.0,Financials,NATIONAL COMMERCIAL BANKS,Banks,TFC,,B+,2025-12-10,55.53,,,,34.0,,,Financials,43.27362804878049,5.0,-0.6066963597950087,47.2560975609756,44.359756097560975,59.90853658536586,53.65853658536586,56.09756097560976,21.49390243902439,20.27439024390244,43.14024390243903,5.01801933782596,0.5881095783951816,0.0158404918506778,0.0784234930448222,0.0093297612765261,0.5938298158354618,0.2034547654254604,0.1705202312138728,-2.158999758475178,-0.0351679958164465,-0.0434782608695652,-0.0201005025125628,-0.0122265122265122,0.0030232835013278,0.0,378.2733015101835,1359.0,10.81055,0.0,96.78643160008926,False,False,Long,1.615933887488279,0.0,0.0,1.0,0.0,1.0,-0.0023079176899045706,-3.4265824e-05,-0.0023079176899045706,-3.4265824e-05,0.04067537732971104,0.29749432,0.1947667501292721,570133041.78,1.1185253894126266,0.53335434,49.98,48.58,52.78,2.0,71,False,,0.0,0.0,0.02084386534018711,208.4386534018711,0.0,0.0,0.013881367337299682,138.81367337299682,Category: Neutral setup. Score: 19 (lower tier). Expected drift: near neutral. Historical analogs: neutral setups have produced steady but unspectacular moves. Role: balanced; fits as a regular position with standard risk. Low/normal volatility.. Fundamental quality: average fundamental quality. Strong institutional/ETF sponsorship (score ~97/100). Held by ~0 ETFs and ~0 institutions.,SIDEWAYS_LOW_VOL,False,True,8.972395720271872e-05,True,-0.00579966019033229,0.9000528045059846,0.008078594020530794,True,False,0.7313243169646909,0.00018135680734243358,True,False,-2.7539421193503793e-05,False,True,0.9656738579985741,False,False,False,0.12164315184995268,-0.15925058548009363,0.21576206018010122,-0.0009437265711312649,0.08991503481716985,18.28193832599119,30.508474576271187,66.29955947136564,72.88135593220339,,,False,False,False,39.4273127753304,35.59322033898305,SIDEWAYS,LOW_VOL,SIDEWAYS_LOW_VOL,18.411267996265934,Explosive,False,True,66.54933380826135,0.84375,True,False,CORE,[],False,False,False,False,,,False,,"Long – Symbol    TFC
Symbol    TFC
Name: 205, dtype: object; TechRating 19.3; AlphaScore -0.00; in a SIDEWAYS_LOW_VOL regime","This setup ranks in the top 5% of prior samples. Similar-score bucket outcomes: 5d avg 0.3%, 5d win 52%, 10d avg 0.5%, 10d win 53%.",Explosive | ICS_Q10,"This setup ranks in the top 5% of prior samples. Similar-score bucket outcomes: 5d avg 0.3%, 5d win 52%, 10d avg 0.5%, 10d win 53%.",,,
165.86,167.3,167.91,165.45,1585915.0,0.013508885504406447,2.2405837497608534,2,3,1,0,-1,2,0.020802560315115848,0.32455572477967765,0.004174699860852114,False,14.352600913810257,18.958015848196087,0.0014528887346386909,None,RY,232039374110.0,Industrials,,Other,RY,,B-,2025-12-10,124.87,,,,6.0,,,Industrials,60.07621297569388,7.0,-0.3271300392445118,76.0,43.13253012048192,66.45783132530121,70.93975903614458,73.1566265060241,95.01934235976788,2.409638554216868,53.493975903614455,24.425639372447883,0.3440637715777633,0.2670466791011574,0.1449951350266721,0.0085951165518272,0.5191743423570535,0.2107093953852303,0.1628607149235832,15.380752246101835,0.0394511655355562,0.2421052631578947,0.1940026507620941,0.2335570469798657,0.0599214858696811,0.0,481.7676674435244,563.0,15.16917,0.0,92.89221155991966,,,Long,1.5477791011283526,0.0,0.0,1.0,0.0,1.0,-0.0023079176899045706,0.003960093,-0.0023079176899045706,0.003960093,0.04067537732971104,0.35648978,0.2301640264115826,263039861.90000004,1.0866138249774833,0.51919746,166.08,162.5,173.25,2.0,27,False,,0.004286182474700698,42.861824747006985,0.014709121534032315,147.09121534032315,0.0,0.0,0.00558763437598894,55.8763437598894,Category: Neutral setup. Score: 19 (lower tier). Expected drift: near neutral. Historical analogs: neutral setups have produced steady but unspectacular moves. Role: balanced; fits as a regular position with standard risk. Low/normal volatility.. Sector watch: Industrials overweight in current list—add cautiously. Fundamental quality: respectable fundamentals. Strong institutional/ETF sponsorship (score ~93/100). Held by ~0 ETFs and ~0 institutions. Insiders active on both sides recently; monitor follow-through.,SIDEWAYS_LOW_VOL,False,True,8.972395720271872e-05,True,-0.00579966019033229,0.9000528045059846,0.008078594020530794,True,False,0.7313243169646909,0.00018135680734243358,True,False,-2.7539421193503793e-05,False,True,0.9656738579985741,False,False,False,0.12164315184995268,-0.15925058548009363,0.19790079240980435,0.0014528887346386909,0.07914402612349637,2.2026431718061676,4.166666666666666,36.34361233480176,55.729166666666664,,,False,False,False,66.51982378854625,68.22916666666666,SIDEWAYS,LOW_VOL,SIDEWAYS_LOW_VOL,16.1266630252111,Explosive,False,True,35.198480787218124,0.484375,True,False,CORE,[],False,False,False,False,,,False,,"Long – Symbol    RY
Symbol    RY
Name: 46, dtype: object; TechRating 19.0; AlphaScore 0.00; in a SIDEWAYS_LOW_VOL regime","This setup ranks in the top 5% of prior samples. Similar-score bucket outcomes: 5d avg 0.3%, 5d win 52%, 10d avg 0.5%, 10d win 53%.",Explosive | ICS_Q10,"This setup ranks in the top 5% of prior samples. Similar-score bucket outcomes: 5d avg 0.3%, 5d win 52%, 10d avg 0.5%, 10d win 53%.",,,
93.92,94.28,94.28,93.42,3601622.0,0.016809766699271977,1.5787732883956243,2,2,2,0,1,2,0.023986044483209845,0.15951166503640113,0.003909610237469242,False,14.209216490707485,18.79091857515867,0.0007437541149556636,None,ACGL,34125883735.0,Financials,"FIRE, MARINE & CASUALTY INSURANCE",Other,ACGL,,A,2025-12-10,93.58,,,,24.0,,,Financials,71.13185975609755,6.0,1.464297808985761,86.58536585365853,86.28048780487805,45.426829268292686,43.75,71.64634146341463,90.2439024390244,49.23780487804878,95.88414634146342,0.3514140987758548,21.00680272108844,0.1841931560888138,0.1838316970546984,0.0517269684915072,0.4974457881567973,0.1609674728940784,0.213511259382819,-21.322176465955767,0.0181818181818181,-0.3911290322580645,-0.2898415657036347,-0.2764140875133404,-0.1269059560045669,0.0,261.53587525589484,1425.0,7.144,0.0,95.97188127650078,,,Long,1.5222393159563903,0.0,0.0,1.0,0.0,1.0,-0.0023079176899045706,0.0027782018,-0.0023079176899045706,0.0027782018,0.04067537732971104,0.3390336,0.21969032803397334,338264338.24,1.0663471701835445,0.5192967,94.08,91.55,99.13,2.0,39,False,,0.0038227932690605183,38.227932690605186,0.021760781834016224,217.60781834016225,0.0,0.0,0.014492005261731626,144.92005261731626,Category: Neutral setup. Score: 19 (lower tier). Expected drift: near neutral. Historical analogs: neutral setups have produced steady but unspectacular moves. Role: balanced; fits as a regular position with standard risk. Low/normal volatility.. Fundamental quality: respectable fundamentals. Strong institutional/ETF sponsorship (score ~96/100). Held by ~0 ETFs and ~0 institutions. Insiders active on both sides recently; monitor follow-through.,SIDEWAYS_LOW_VOL,False,True,8.972395720271872e-05,True,-0.00579966019033229,0.9000528045059846,0.008078594020530794,True,False,0.7313243169646909,0.00018135680734243358,True,False,-2.7539421193503793e-05,False,True,0.9656738579985741,False,False,False,0.12164315184995268,-0.15925058548009363,0.18954592875793352,0.0007437541149556636,0.07346516763289128,13.215859030837004,23.728813559322035,45.59471365638766,47.45762711864407,,,False,False,False,56.38766519823789,49.152542372881356,SIDEWAYS,LOW_VOL,SIDEWAYS_LOW_VOL,17.927332809348396,Explosive,False,True,66.88689751650644,0.84375,True,False,CORE,[],False,False,False,False,,,False,,"Long – Symbol    ACGL
Symbol    ACGL
Name: 336, dtype: object; TechRating 18.8; AlphaScore 0.00; in a SIDEWAYS_LOW_VOL regime","This setup ranks in the top 5% of prior samples. Similar-score bucket outcomes: 5d avg 0.3%, 5d win 52%, 10d avg 0.5%, 10d win 53%.",Explosive | ICS_Q10,"This setup ranks in the top 5% of prior samples. Similar-score bucket outcomes: 5d avg 0.3%, 5d win 52%, 10d avg 0.5%, 10d win 53%.",,,
63.74,63.06,63.95,63.04,2067385.0,0.016139453675840944,1.0287287772981017,2,3,0,0,1,2,0.04218443427076535,0.19302731620795277,0.0029144959435811473,False,13.642347507522945,18.169577652587172,-0.00016032384010031828,None,BUD,121564772375.0,Industrials,,Other,BUD,,C-,2025-12-10,70.56,,,,8.0,,,Industrials,57.384374053273056,7.0,,58.024096385542165,59.036144578313255,70.02409638554217,75.42168674698794,67.03614457831326,40.08704061895551,21.25301204819277,68.19277108433735,3.624188408288484,2.9715791590714136,0.0,0.0844886447973875,0.0337032879061329,0.5569644047232523,0.2618294912763376,0.121584442659649,,,,,,,0.0,6.455962,8.0,3.8,0.0,33.98794911850033,,,Long,1.4212680128127775,0.0,0.0,1.0,0.0,1.0,-0.0023079176899045706,0.0012714054,-0.0023079176899045706,0.0012714054,0.04067537732971104,0.3167787,0.20633736768584407,131775119.9,0.9960422870183507,0.517142,63.84,62.2,67.13,2.0,60,False,,0.0,0.0,0.01231168307580823,123.1168307580823,0.0,0.0,0.004676906327920493,46.76906327920493,Category: Neutral setup. Score: 18 (lower tier). Expected drift: near neutral. Historical analogs: neutral setups have produced steady but unspectacular moves. Role: balanced; fits as a regular position with standard risk. Low/normal volatility.. Sector watch: Industrials overweight in current list—add cautiously. Fundamental quality: respectable fundamentals. Insiders active on both sides recently; monitor follow-through.,SIDEWAYS_LOW_VOL,False,True,8.972395720271872e-05,True,-0.00579966019033229,0.9000528045059846,0.008078594020530794,True,False,0.7313243169646909,0.00018135680734243358,True,False,-2.7539421193503793e-05,False,True,0.9656738579985741,False,False,False,0.12164315184995268,-0.15925058548009363,0.1584788826293586,-0.00016032384010031828,0.05295516036504798,10.13215859030837,13.020833333333334,18.502202643171806,33.33333333333333,,,False,False,False,44.713656387665196,43.75,SIDEWAYS,LOW_VOL,SIDEWAYS_LOW_VOL,15.442778252058243,Explosive,False,True,29.825050208916274,0.484375,True,False,CORE,[],False,False,False,False,,,False,,"Long – Symbol    BUD
Symbol    BUD
Name: 100, dtype: object; TechRating 18.2; AlphaScore -0.00; in a SIDEWAYS_LOW_VOL regime","This setup ranks in the top 5% of prior samples. Similar-score bucket outcomes: 5d avg 0.3%, 5d win 52%, 10d avg 0.5%, 10d win 53%.",Explosive | ICS_Q10,"This setup ranks in the top 5% of prior samples. Similar-score bucket outcomes: 5d avg 0.3%, 5d win 52%, 10d avg 0.5%, 10d win 53%.",,,
27.24,27.48,27.545,27.13,2367649.0,0.016410381926443195,0.4470188036763126,2,3,1,0,0,1,0.0365296803652968,0.1794809036778403,0.0028536841808598917,False,13.569196879860337,18.117589018986536,0.001086383033543825,None,ING,82331366714.0,Industrials,,Other,ING,,B-,2025-12-10,22.5,,,,1.0,,,Industrials,53.351241523152574,5.0,-0.6800871176866112,70.16867469879519,40.86746987951807,94.1686746987952,64.33734939759036,71.03614457831326,40.08704061895551,6.987951807228916,39.1566265060241,10.301948051948052,0.0,0.0,0.1218391486081878,0.0056728256468769,0.977892642205397,0.1519850514463211,0.1496068724519511,14.22033147287388,0.0423525060107268,0.2702702702702702,0.199322416713721,0.199322416713721,-0.0002510360647449,0.0,4.6780420000000005,49.0,3.4,0.0,43.36085695157331,,,Long,1.4082383456057743,0.0,0.0,1.0,0.0,1.0,-0.0023079176899045706,0.0033492502,-0.0023079176899045706,0.0033492502,0.04067537732971104,0.3474678,0.22475085178237117,64494758.76,0.9940177227675833,0.52722687,27.28,26.57,28.72,2.0,139,False,,0.0026382874185234637,26.382874185234638,0.012108422556178078,121.08422556178078,0.0,0.0,0.004599692643599573,45.996926435995725,Category: Neutral setup. Score: 18 (lower tier). Expected drift: near neutral. Historical analogs: neutral setups have produced steady but unspectacular moves. Role: balanced; fits as a regular position with standard risk. Low/normal volatility.. Sector watch: Industrials overweight in current list—add cautiously. Fundamental quality: average fundamental quality. Insiders active on both sides recently; monitor follow-through.,SIDEWAYS_LOW_VOL,False,True,8.972395720271872e-05,True,-0.00579966019033229,0.9000528045059846,0.008078594020530794,True,False,0.7313243169646909,0.00018135680734243358,True,False,-2.7539421193503793e-05,False,True,0.9656738579985741,False,False,False,0.12164315184995268,-0.15925058548009363,0.1558794509493268,0.001086383033543825,0.05170187717880276,11.45374449339207,15.104166666666666,9.691629955947137,19.791666666666664,,,False,False,False,60.792951541850215,61.458333333333336,SIDEWAYS,LOW_VOL,SIDEWAYS_LOW_VOL,15.409184921923677,Explosive,False,True,28.78367154424755,0.484375,True,False,CORE,[],False,False,False,False,,,False,,"Long – Symbol    ING
Symbol    ING
Name: 158, dtype: object; TechRating 18.1; AlphaScore 0.00; in a SIDEWAYS_LOW_VOL regime","This setup ranks in the top 5% of prior samples. Similar-score bucket outcomes: 5d avg 0.3%, 5d win 52%, 10d avg 0.5%, 10d win 53%.",Explosive | ICS_Q10,"This setup ranks in the top 5% of prior samples. Similar-score bucket outcomes: 5d avg 0.3%, 5d win 52%, 10d avg 0.5%, 10d win 53%.",,,
43.21,43.455,43.76,43.04,2510474.0,0.01702919875945804,0.7358316783961819,2,3,1,0,-1,2,0.06323818897637801,0.14854006202709802,0.002546618481769056,False,13.402116334946328,17.93478409898058,0.000835912674665451,None,UBS,132363742948.0,Industrials,,Other,UBS,,B,2025-12-10,23.57,,,,7.0,,,Industrials,54.3461641537135,7.0,-0.3436692414176268,52.963855421686745,39.51807228915663,84.77108433734941,58.31325301204819,64.144578313253,78.04642166344294,4.144578313253012,52.86746987951807,17.04552013642923,0.2206064558200195,0.0770407172894193,0.0720896472977857,0.0037616969193247,0.7629372993070813,0.11434848740916,0.1061686665539969,55.741098593956906,-0.0134607263513513,1.2083333333333337,0.466438020578148,1.0362941738299905,0.0894501283077241,0.0,414.5221348958626,570.0,14.9412,0.0,92.55746485159564,,,Long,1.3784777821416407,0.0,0.0,1.0,0.0,1.0,-0.0023079176899045706,0.0029317995,-0.0023079176899045706,0.0029317995,0.04067537732971104,0.3413022,0.22105147460322536,108477581.54,0.9733785745031954,0.4996744,43.28,42.11,45.64,2.0,84,False,,0.001956250728167499,19.56250728167499,0.01166841972311125,116.6841972311125,0.0,0.0,0.004432546362981226,44.325463629812255,Category: Neutral setup. Score: 18 (lower tier). Expected drift: near neutral. Historical analogs: neutral setups have produced steady but unspectacular moves. Role: balanced; fits as a regular position with standard risk. Low/normal volatility.. Sector watch: Industrials overweight in current list—add cautiously. Fundamental quality: average fundamental quality. Strong institutional/ETF sponsorship (score ~93/100). Held by ~0 ETFs and ~0 institutions. Insiders active on both sides recently; monitor follow-through.,SIDEWAYS_LOW_VOL,False,True,8.972395720271872e-05,True,-0.00579966019033229,0.9000528045059846,0.008078594020530794,True,False,0.7313243169646909,0.00018135680734243358,True,False,-2.7539421193503793e-05,False,True,0.9656738579985741,False,False,False,0.12164315184995268,-0.15925058548009363,0.14673920494902895,0.000835912674665451,0.04567305265300173,14.977973568281937,19.270833333333336,14.977973568281937,28.645833333333332,,,False,False,False,57.48898678414097,57.8125,SIDEWAYS,LOW_VOL,SIDEWAYS_LOW_VOL,15.251671741868147,Explosive,False,True,30.49989213946749,0.484375,True,False,CORE,[],False,False,False,False,,,False,,"Long – Symbol    UBS
Symbol    UBS
Name: 91, dtype: object; TechRating 17.9; AlphaScore 0.00; in a SIDEWAYS_LOW_VOL regime","This setup ranks in the top 5% of prior samples. Similar-score bucket outcomes: 5d avg 0.3%, 5d win 52%, 10d avg 0.5%, 10d win 53%.",Explosive | ICS_Q10,"This setup ranks in the top 5% of prior samples. Similar-score bucket outcomes: 5d avg 0.3%, 5d win 52%, 10d avg 0.5%, 10d win 53%.",,,
150.65,149.75,150.67,148.74,8143100.0,0.017144974734715407,2.5828904437848763,2,3,0,0,1,2,0.038822231416356434,0.1427512632642296,0.002405943833025293,False,13.37085682162684,17.86916435090626,-0.0007303875230718405,None,PEP,204697146927.0,Consumer Staples,BEVERAGES,Other,PEP,,B+,2025-12-10,179.28,,,,58.0,,,Consumer Staples,69.71153846153845,6.0,3.4531525788920847,90.3846153846154,75.0,84.61538461538461,65.38461538461539,71.15384615384616,67.3076923076923,25.0,78.84615384615384,3.0913892908827787,9.687262357414449,0.046963137041768,0.3891912279756452,0.0677846806434054,0.5381742199510643,0.1103328064439295,0.0781997704783145,1.842130969582143,-0.355060466455514,0.2072072072072071,0.0309123649459783,0.148,0.0610474427814358,0.0,1395.4856702141826,1828.0,8.72526,0.0,99.39745592501674,False,False,Long,1.3729098045504653,0.0,0.0,1.0,0.0,1.0,-0.0023079176899045706,0.00032129925,-0.0023079176899045706,0.00032129925,0.04067537732971104,0.30274588,0.19791769007067836,1226758015.0,0.9616625644825398,0.5127026,150.91,146.78,159.17,2.0,24,False,,0.0,0.0,0.02133532836784553,213.35328367845528,0.0,0.0,0.06354308814409321,635.4308814409321,Category: Neutral setup. Score: 18 (lower tier). Expected drift: near neutral. Historical analogs: neutral setups have produced steady but unspectacular moves. Role: balanced; fits as a regular position with standard risk. Low/normal volatility.. Fundamental quality: respectable fundamentals. Strong institutional/ETF sponsorship (score ~99/100). Held by ~0 ETFs and ~0 institutions.,SIDEWAYS_LOW_VOL,False,True,8.972395720271872e-05,True,-0.00579966019033229,0.9000528045059846,0.008078594020530794,True,False,0.7313243169646909,0.00018135680734243358,True,False,-2.7539421193503793e-05,False,True,0.9656738579985741,False,False,False,0.12164315184995268,-0.15925058548009363,0.14345821754531302,-0.0007303875230718405,0.04299220577137833,16.299559471365637,33.33333333333333,85.24229074889867,77.77777777777779,,,False,False,False,40.308370044052865,33.33333333333333,SIDEWAYS,LOW_VOL,SIDEWAYS_LOW_VOL,17.735611723622338,Explosive,False,True,75.20477437705334,0.96875,True,False,CORE,[],False,False,False,False,,,False,,"Long – Symbol    PEP
Symbol    PEP
Name: 55, dtype: object; TechRating 17.9; AlphaScore -0.00; in a SIDEWAYS_LOW_VOL regime","This setup ranks in the top 5% of prior samples. Similar-score bucket outcomes: 5d avg 0.3%, 5d win 52%, 10d avg 0.5%, 10d win 53%.",Explosive | ICS_Q10,"This setup ranks in the top 5% of prior samples. Similar-score bucket outcomes: 5d avg 0.3%, 5d win 52%, 10d avg 0.5%, 10d win 53%.",,,
74.99,75.36,75.44,74.37,1681150.0,0.015221990380386977,1.1414970586252193,2,3,0,0,0,2,0.05619718309859145,0.2389004809806512,0.0019282181582451386,False,13.11839245300132,17.593794239234832,-0.001067540716030635,None,HSBC,254583442750.0,Industrials,,Other,HSBC,,C,2025-12-10,52.0,,,,1.0,,,Industrials,61.541000559297146,4.0,0.2633765133939354,63.614457831325296,41.1566265060241,63.85542168674698,68.67469879518072,68.81927710843372,40.08704061895551,92.43373493975903,53.68674698795181,-4.052452410726692,0.3815207399747213,0.0,0.0994572265340149,0.0058873104566958,0.4980100363384668,0.1915195823960316,0.1364422910538155,121.21720556011078,-0.0207417264522101,34.45454545454546,3.4343434343434343,3.165129556433904,0.0816020044577488,0.0,322.47782695699294,353.0,4.24,0.0,89.70653871903593,,,Long,1.3279405840539729,0.0,0.0,1.0,0.0,1.0,-0.0023079176899045706,-0.00024062271,-0.0023079176899045706,-0.00024062271,0.04067537732971104,0.29444647,0.19293803492407954,126069438.49999999,0.9306896918585102,0.51356465,75.1,73.28,78.76,2.0,54,False,,0.0,0.0,0.013053735661905626,130.53735661905625,0.0,0.0,0.004958793898791126,49.58793898791126,Category: Neutral setup. Score: 18 (lower tier). Expected drift: near neutral. Historical analogs: neutral setups have produced steady but unspectacular moves. Role: balanced; fits as a regular position with standard risk. Low/normal volatility.. Sector watch: Industrials overweight in current list—add cautiously. Fundamental quality: respectable fundamentals. Strong institutional/ETF sponsorship (score ~90/100). Held by ~0 ETFs and ~0 institutions. Insiders active on both sides recently; monitor follow-through.,SIDEWAYS_LOW_VOL,False,True,8.972395720271872e-05,True,-0.00579966019033229,0.9000528045059846,0.008078594020530794,True,False,0.7313243169646909,0.00018135680734243358,True,False,-2.7539421193503793e-05,False,True,0.9656738579985741,False,False,False,0.12164315184995268,-0.15925058548009363,0.1296897119617416,-0.001067540716030635,0.03392467352452132,5.506607929515418,8.333333333333332,17.841409691629956,32.29166666666667,,,False,False,False,38.986784140969164,36.97916666666667,SIDEWAYS,LOW_VOL,SIDEWAYS_LOW_VOL,14.945651007263347,Explosive,False,True,28.778871423049964,0.484375,True,False,CORE,[],False,False,False,False,,,False,,"Long – Symbol    HSBC
Symbol    HSBC
Name: 41, dtype: object; TechRating 17.6; AlphaScore -0.00; in a SIDEWAYS_LOW_VOL regime","This setup ranks in the top 5% of prior samples. Similar-score bucket outcomes: 5d avg 0.3%, 5d win 52%, 10d avg 0.5%, 10d win 53%.",Explosive | ICS_Q10,"This setup ranks in the top 5% of prior samples. Similar-score bucket outcomes: 5d avg 0.3%, 5d win 52%, 10d avg 0.5%, 10d win 53%.",,,
75.66,76.265,76.585,74.7,4252556.0,0.01832812729069057,1.3867061108136483,2,3,1,0,0,1,0.03558718861209953,0.0835936354654716,0.0019185990211990336,False,13.051405631513546,17.564858962589298,0.0009771569399163126,None,RIO,123780799206.0,Industrials,,Other,RIO,,A,2025-12-10,90.4,,,,5.0,,,Industrials,71.9061691640838,4.0,3.431268941824193,81.3012048192771,82.55421686746988,68.19277108433735,76.43373493975903,76.0,63.20116054158608,47.75903614457832,79.80722891566265,0.6554474969748577,7.743376623376624,0.0422696586996299,0.1810857742245414,0.085029593145979,0.5396899253661895,0.2774293212231755,0.1911816709784287,,,,,,,0.0,271.63732265813206,192.0,19.3,0.0,81.20955143941084,,,Long,1.3160088205253495,0.0,0.0,1.0,0.0,1.0,-0.0023079176899045706,0.0031672067,-0.0023079176899045706,0.0031672067,0.04067537732971104,0.34477907,0.22313760736804164,321748386.96,0.9335038959202917,0.5488421,75.8,73.58,80.24,2.0,45,False,,0.0021247314633873284,21.247314633873284,0.010841469808787817,108.41469808787818,0.0,0.0,0.004118408380110946,41.18408380110946,Category: Neutral setup. Score: 18 (lower tier). Expected drift: near neutral. Historical analogs: neutral setups have produced steady but unspectacular moves. Role: balanced; fits as a regular position with standard risk. Low/normal volatility.. Sector watch: Industrials overweight in current list—add cautiously. Fundamental quality: respectable fundamentals. Strong institutional/ETF sponsorship (score ~81/100). Held by ~0 ETFs and ~0 institutions. Insiders active on both sides recently; monitor follow-through.,SIDEWAYS_LOW_VOL,False,True,8.972395720271872e-05,True,-0.00579966019033229,0.9000528045059846,0.008078594020530794,True,False,0.7313243169646909,0.00018135680734243358,True,False,-2.7539421193503793e-05,False,True,0.9656738579985741,False,False,False,0.12164315184995268,-0.15925058548009363,0.1282429481294649,0.0009771569399163126,0.0336999212131229,23.568281938325992,29.6875,43.392070484581495,58.854166666666664,,,False,False,False,59.03083700440529,59.895833333333336,SIDEWAYS,LOW_VOL,SIDEWAYS_LOW_VOL,14.938435952190192,Explosive,False,True,32.23212957198194,0.484375,True,False,CORE,[],False,False,False,False,,,False,,"Long – Symbol    RIO
Symbol    RIO
Name: 99, dtype: object; TechRating 17.6; AlphaScore 0.00; in a SIDEWAYS_LOW_VOL regime","This setup ranks in the top 5% of prior samples. Similar-score bucket outcomes: 5d avg 0.3%, 5d win 52%, 10d avg 0.5%, 10d win 53%.",Explosive | ICS_Q10,"This setup ranks in the top 5% of prior samples. Similar-score bucket outcomes: 5d avg 0.3%, 5d win 52%, 10d avg 0.5%, 10d win 53%.",,,
39.29,39.2,39.39,38.99,1276961.0,0.01545305141990205,0.6071503902879515,2,3,0,0,1,1,0.0,0.22734742900489757,0.0019065266785289914,False,13.059471887924976,17.56345117555773,0.0004943572217598557,None,PBA,22723155180.0,Industrials,,Other,PBA,,B+,2025-12-10,38.76,,,,4.0,,,Industrials,65.47928561441122,5.0,1.2073013449451544,66.26506024096386,69.78313253012048,52.81927710843374,80.9156626506024,78.8433734939759,79.44874274661508,21.542168674698797,74.21686746987952,3.587193460490463,4.939144736842105,0.0807623460106528,0.1084145671227329,0.0529019873532068,0.4041919880937616,0.3724420190995907,0.2324196949026417,-8.779520224259839,0.0778554778554778,-0.1304347826086956,-0.0970873786407767,-0.1300992282249173,-0.1592100995940802,0.0,17.421802,29.0,4.54,0.0,47.66235215353716,,,Long,1.3174455906530378,0.0,0.0,1.0,0.0,1.0,-0.0023079176899045706,0.0023625405,-0.0023079176899045706,0.0023625405,0.04067537732971104,0.33289438,0.2160067907891766,50171797.69,0.9319420107006864,0.54903924,39.35,38.38,41.29,2.0,102,False,,0.0012749244614430905,12.749244614430905,0.012858550280738103,128.58550280738103,0.0,0.0,0.004884647761445073,48.84647761445073,Category: Neutral setup. Score: 18 (lower tier). Expected drift: near neutral. Historical analogs: neutral setups have produced steady but unspectacular moves. Role: balanced; fits as a regular position with standard risk. Low/normal volatility.. Sector watch: Industrials overweight in current list—add cautiously. Fundamental quality: respectable fundamentals. Insiders active on both sides recently; monitor follow-through.,SIDEWAYS_LOW_VOL,False,True,8.972395720271872e-05,True,-0.00579966019033229,0.9000528045059846,0.008078594020530794,True,False,0.7313243169646909,0.00018135680734243358,True,False,-2.7539421193503793e-05,False,True,0.9656738579985741,False,False,False,0.12164315184995268,-0.15925058548009363,0.12817255877788652,0.0004943572217598557,0.03348518823324219,6.607929515418502,9.375,7.488986784140969,16.145833333333336,,,False,False,False,52.6431718061674,53.125,SIDEWAYS,LOW_VOL,SIDEWAYS_LOW_VOL,14.93313553560903,Explosive,False,True,27.778884865784033,0.484375,True,False,CORE,[],False,False,False,False,,,False,,"Long – Symbol    PBA
Symbol    PBA
Name: 428, dtype: object; TechRating 17.6; AlphaScore 0.00; in a SIDEWAYS_LOW_VOL regime","This setup ranks in the top 5% of prior samples. Similar-score bucket outcomes: 5d avg 0.3%, 5d win 52%, 10d avg 0.5%, 10d win 53%.",Explosive | ICS_Q10,"This setup ranks in the top 5% of prior samples. Similar-score bucket outcomes: 5d avg 0.3%, 5d win 52%, 10d avg 0.5%, 10d win 53%.",,,
163.21,163.2,164.37,162.73,2700477.0,0.01591725539201414,2.597855252530628,2,3,0,0,0,2,0.03415283234064126,0.20413723039929288,0.0017716534195422863,False,12.941099875036393,17.469044755715604,0.002014680905267596,None,ICE,91896152880.0,Industrials,"SECURITY & COMMODITY BROKERS, DEALERS, EXCHANGES & SERVICES",Other,ICE,,B,2025-12-10,144.75,,,,36.0,,,Industrials,66.65478839924495,9.0,0.852368450416406,68.04819277108433,52.33734939759036,76.3855421686747,83.42168674698796,81.06024096385542,67.06963249516441,26.843373493975903,78.07228915662651,2.715391762155466,6.846059113300493,0.0487087399559207,0.1147379534908481,0.0229451884656602,0.6370074148129634,0.4631342164458885,0.2693493293343331,9.453715841422207,0.0656765676567656,0.1393442622950819,0.1028533510285335,0.1337047353760445,0.0311068757146849,0.0,382.5111982103562,1292.0,6.0,0.0,96.46284311537605,False,False,Long,1.2963610424564718,0.0,0.0,1.0,0.0,1.0,-0.0023079176899045706,0.004896413,-0.0023079176899045706,0.004896413,0.04067537732971104,0.37031892,0.23846151450495875,440744851.17,0.9260962076734421,0.52244776,163.47,159.31,171.78,2.0,24,False,,0.005044241912805591,50.44241912805591,0.012483549065458465,124.83549065458465,0.0,0.0,0.0047421940005806925,47.421940005806924,Category: Neutral setup. Score: 17 (lower tier). Expected drift: mildly positive; models imply about +0.2% bias. Historical analogs: neutral setups have produced steady but unspectacular moves. Role: balanced; fits as a regular position with standard risk. Low/normal volatility.. Sector watch: Industrials overweight in current list—add cautiously. Fundamental quality: respectable fundamentals. Strong institutional/ETF sponsorship (score ~96/100). Held by ~0 ETFs and ~0 institutions.,SIDEWAYS_LOW_VOL,False,True,8.972395720271872e-05,True,-0.00579966019033229,0.9000528045059846,0.008078594020530794,True,False,0.7313243169646909,0.00018135680734243358,True,False,-2.7539421193503793e-05,False,True,0.9656738579985741,False,False,False,0.12164315184995268,-0.15925058548009363,0.12345223778578021,0.002014680905267596,0.030949092877600795,8.370044052863436,11.458333333333332,55.06607929515418,67.70833333333334,,,False,False,False,73.12775330396477,75.52083333333334,SIDEWAYS,LOW_VOL,SIDEWAYS_LOW_VOL,14.865812830053038,Explosive,False,True,32.71213398892911,0.484375,True,False,CORE,[],False,False,False,False,,,False,,"Long – Symbol    ICE
Symbol    ICE
Name: 135, dtype: object; TechRating 17.5; AlphaScore 0.00; in a SIDEWAYS_LOW_VOL regime","This setup ranks in the top 5% of prior samples. Similar-score bucket outcomes: 5d avg 0.3%, 5d win 52%, 10d avg 0.5%, 10d win 53%.",Explosive | ICS_Q10,"This setup ranks in the top 5% of prior samples. Similar-score bucket outcomes: 5d avg 0.3%, 5d win 52%, 10d avg 0.5%, 10d win 53%.",,,
83.44,83.46,83.48,83.42,43224756.0,0.002213493419518111,0.18469389092459118,2,2,2,1,1,1,0.003608371421698342,0.8893253290240944,0.001563731602604403,False,18.369154375437336,19.544994401045685,-0.1918548360466957,None,K,29031499413.0,Industrials,GRAIN MILL PRODUCTS,Other,K,,B+,2025-12-10,71.59,,,,40.0,,,Industrials,62.62418727132903,5.0,3.4756057149489035,90.6987951807229,81.59036144578313,45.73493975903615,63.614457831325296,63.27710843373494,51.64410058027079,27.084337349397597,77.34939759036145,2.6547884187082404,6.360824742268041,0.0206253463543352,0.3192100987376577,0.0816235218919782,0.3480662983425414,0.146093133385951,0.1007892659826361,-12.259317543572491,-0.013124199743918,-0.1695531977665352,-0.1403225806451613,-0.1902071563088512,-0.0997587427141589,0.0,254.22926944880416,1270.0,30.0,0.0,95.17964740013387,,,Long,2.263211854016244,0.0,0.0,1.0,0.0,1.0,-0.04365355148911476,-0.29065567,-0.04365355148911476,-0.29065567,-0.009173321472415022,-3.9948952,-2.40060646047068,3606673640.64,0.6308754439458206,0.5404453,83.46,83.16,84.05,2.0,338,False,,0.0,0.0,0.08976933788079691,897.6933788079691,0.0,0.0,0.03410116893058265,341.01168930582645,Category: Neutral setup. Score: 20 (lower tier). Expected drift: negative; models imply roughly -19.2% downside bias. Historical analogs: neutral setups have produced steady but unspectacular moves. Role: balanced; fits as a regular position with standard risk. Low/normal volatility.. Sector watch: Industrials overweight in current list—add cautiously. Fundamental quality: respectable fundamentals. Strong institutional/ETF sponsorship (score ~95/100). Held by ~0 ETFs and ~0 institutions. Insiders active on both sides recently; monitor follow-through.,SIDEWAYS_LOW_VOL,False,True,8.972395720271872e-05,True,-0.00579966019033229,0.9000528045059846,0.008078594020530794,True,False,0.7313243169646909,0.00018135680734243358,True,False,-2.7539421193503793e-05,False,True,0.9656738579985741,False,False,False,0.12164315184995268,-0.15925058548009363,0.22724972005228422,-0.1918548360466957,0.03056312541764125,0.22026431718061676,0.5208333333333333,97.13656387665198,98.95833333333334,,,False,False,False,1.3215859030837005,2.604166666666667,SIDEWAYS,LOW_VOL,SIDEWAYS_LOW_VOL,14.982479134491918,Explosive,False,True,26.66331605629745,0.484375,True,False,CORE,[],False,False,False,False,,,False,,"Long – Symbol    K
Symbol    K
Name: 370, dtype: object; TechRating 19.5; AlphaScore -0.19; in a SIDEWAYS_LOW_VOL regime","This setup ranks in the top 5% of prior samples. Similar-score bucket outcomes: 5d avg 0.3%, 5d win 52%, 10d avg 0.5%, 10d win 53%.",Explosive | ICS_Q10,"This setup ranks in the top 5% of prior samples. Similar-score bucket outcomes: 5d avg 0.3%, 5d win 52%, 10d avg 0.5%, 10d win 53%.",,,
97.89,98.11,98.58,97.52,1513954.0,0.01755917788831564,1.718867923487218,2,3,0,0,1,1,0.0,0.1220411055842181,0.0009146929030438631,False,12.522409638479512,17.005146704146277,0.0011063403449952602,None,CNI,61580279472.0,Industrials,,Other,CNI,,C,2025-12-10,124.73,,,,39.0,,,Industrials,70.4109697979539,6.0,2.172534674897108,85.44578313253012,81.10843373493975,66.40963855421687,80.96385542168674,80.9156626506024,60.299806576402325,29.686746987951807,78.45783132530121,2.325670931944287,7.0,0.0381326834358478,0.2181931181202117,0.080386078624771,0.5182290147582104,0.3728052266231115,0.2662311147407105,-0.01510352576059395,0.010325837540156,0.0164835164835164,0.0112208258527827,-0.011056511056511,-0.0277288451079738,0.0,16.380396,92.0,4.45,0.0,56.88462396786432,,,Long,1.221783494464411,0.0,0.0,1.0,0.0,1.0,-0.0023079176899045706,0.0033825124,-0.0023079176899045706,0.0033825124,0.04067537732971104,0.34795907,0.22504559675078548,148200957.06,0.8729252302646421,0.5571215,98.06,95.31,103.56,2.0,36,False,,0.00251097501977065,25.1097501977065,0.011316238148362565,113.16238148362565,0.0,0.0,0.0042987612236646015,42.987612236646015,Category: Neutral setup. Score: 17 (lower tier). Expected drift: near neutral. Historical analogs: neutral setups have produced steady but unspectacular moves. Role: balanced; fits as a regular position with standard risk. Low/normal volatility.. Sector watch: Industrials overweight in current list—add cautiously. Fundamental quality: respectable fundamentals. Insiders active on both sides recently; monitor follow-through.,SIDEWAYS_LOW_VOL,False,True,8.972395720271872e-05,True,-0.00579966019033229,0.9000528045059846,0.008078594020530794,True,False,0.7313243169646909,0.00018135680734243358,True,False,-2.7539421193503793e-05,False,True,0.9656738579985741,False,False,False,0.12164315184995268,-0.15925058548009363,0.10025733520731386,0.0011063403449952602,0.01555448700550234,18.502202643171806,24.479166666666664,20.26431718061674,36.45833333333333,,,False,False,False,61.013215859030836,61.979166666666664,SIDEWAYS,LOW_VOL,SIDEWAYS_LOW_VOL,14.463778591456794,Explosive,False,True,27.04380990191673,0.484375,True,False,CORE,[],False,False,False,False,,,False,,"Long – Symbol    CNI
Symbol    CNI
Name: 207, dtype: object; TechRating 17.0; AlphaScore 0.00; in a SIDEWAYS_LOW_VOL regime","This setup ranks in the top 5% of prior samples. Similar-score bucket outcomes: 5d avg 0.3%, 5d win 52%, 10d avg 0.5%, 10d win 53%.",Explosive | ICS_Q10,"This setup ranks in the top 5% of prior samples. Similar-score bucket outcomes: 5d avg 0.3%, 5d win 52%, 10d avg 0.5%, 10d win 53%.",,,
91.42,91.95,92.11,90.91,1728131.0,0.014706659839761356,1.3444828425509832,2,3,0,0,-1,2,0.035099637681159424,0.2646670080119322,0.0008444682874461405,False,12.470401638457274,16.961302213400568,0.0016598854213953017,None,TD,156238166752.0,Industrials,,Other,TD,,B+,2025-12-10,89.52,,,,2.0,,,Industrials,58.36492973829554,6.0,-0.581408406543513,80.04819277108433,44.43373493975904,60.86746987951808,70.02409638554217,74.74698795180723,79.69052224371373,3.180722891566265,53.92771084337349,19.73459291001169,0.4119794836129705,0.081788154213231,0.172083129997179,0.0102660132215518,0.4717327553232182,0.2014110246929321,0.177593607888138,-13.251181691569666,-0.0219118945612715,-0.3201754385964911,-0.1638368246968026,-0.1831621147582059,0.0265271880342878,0.0,401.3332541056201,521.0,10.30228,0.0,92.2115599196608,,,Long,1.2125197744657654,0.0,0.0,1.0,0.0,1.0,-0.0023079176899045706,0.0043050875,-0.0023079176899045706,0.0043050875,0.04067537732971104,0.36158523,0.23322129765372432,157985736.02,0.869765307581551,0.5315719,91.55,89.4,95.86,2.0,46,False,,0.004498025195649192,44.98025195649192,0.013511146707590283,135.11146707590282,0.0,0.0,0.005132553132264805,51.32553132264805,Category: Neutral setup. Score: 17 (lower tier). Expected drift: near neutral. Historical analogs: neutral setups have produced steady but unspectacular moves. Role: balanced; fits as a regular position with standard risk. Low/normal volatility.. Sector watch: Industrials overweight in current list—add cautiously. Fundamental quality: respectable fundamentals. Strong institutional/ETF sponsorship (score ~92/100). Held by ~0 ETFs and ~0 institutions. Insiders active on both sides recently; monitor follow-through.,SIDEWAYS_LOW_VOL,False,True,8.972395720271872e-05,True,-0.00579966019033229,0.9000528045059846,0.008078594020530794,True,False,0.7313243169646909,0.00018135680734243358,True,False,-2.7539421193503793e-05,False,True,0.9656738579985741,False,False,False,0.12164315184995268,-0.15925058548009363,0.0980651106700284,0.0016598854213953017,0.01432328183300681,4.405286343612335,7.291666666666667,21.145374449339208,38.54166666666667,,,False,False,False,70.70484581497797,73.4375,SIDEWAYS,LOW_VOL,SIDEWAYS_LOW_VOL,14.431215907472343,Explosive,False,True,24.648146453430645,0.484375,True,False,CORE,[],False,False,False,False,,,False,,"Long – Symbol    TD
Symbol    TD
Name: 78, dtype: object; TechRating 17.0; AlphaScore 0.00; in a SIDEWAYS_LOW_VOL regime","This setup ranks in the top 5% of prior samples. Similar-score bucket outcomes: 5d avg 0.3%, 5d win 52%, 10d avg 0.5%, 10d win 53%.",Explosive | ICS_Q10,"This setup ranks in the top 5% of prior samples. Similar-score bucket outcomes: 5d avg 0.3%, 5d win 52%, 10d avg 0.5%, 10d win 53%.",,,
22.63,22.86,22.88,22.415,1514995.0,0.017968347872935574,0.406623712364532,2,3,0,0,0,2,0.038073394495412805,0.10158260635322136,0.0008347769631045542,False,12.418071292401429,16.93854002570415,0.0032495776191353797,None,BBVA,134747244638.0,Industrials,,Other,BBVA,,D+,2025-12-10,,,,,,,,Industrials,66.73845575726503,5.0,-0.3509758856943409,81.87951807228916,45.73493975903615,80.04819277108433,80.33734939759036,78.89156626506025,94.0522243713733,9.542168674698797,63.42168674698795,8.153938083314364,1.928622927180966,0.2338543433000565,0.1866210785728558,0.0129227378444228,0.6899606954899741,0.3564053027779628,0.2333177891768258,19.687337490579495,1.228641072516758,0.1249999999999999,0.1341492680585553,0.0048532470533857,-0.5082767130997241,0.0,84.62721262619999,165.0,2.58,0.0,74.52019638473556,,,Long,1.2031986378505084,0.0,0.0,1.0,0.0,1.0,-0.0023079176899045706,0.006954574,-0.0023079176899045706,0.006954574,0.04067537732971104,0.40071735,0.2567005656085507,34284336.85,0.8719243125658233,0.53113943,22.67,22.02,23.97,2.0,153,False,,0.007207366196501618,72.07366196501617,0.01105854806901502,110.5854806901502,0.0,0.0,0.004200871085060319,42.008710850603194,Category: Neutral setup. Score: 17 (lower tier). Expected drift: mildly positive; models imply about +0.3% bias. Historical analogs: neutral setups have produced steady but unspectacular moves. Role: balanced; fits as a regular position with standard risk. Low/normal volatility.. Sector watch: Industrials overweight in current list—add cautiously. Fundamental quality: respectable fundamentals. Solid sponsorship footprint (score ~75/100). Held by ~0 ETFs and ~0 institutions. Insiders active on both sides recently; monitor follow-through.,SIDEWAYS_LOW_VOL,False,True,8.972395720271872e-05,True,-0.00579966019033229,0.9000528045059846,0.008078594020530794,True,False,0.7313243169646909,0.00018135680734243358,True,False,-2.7539421193503793e-05,False,True,0.9656738579985741,False,False,False,0.12164315184995268,-0.15925058548009363,0.09692700128520748,0.0032495776191353797,0.014139903002082246,21.145374449339208,27.083333333333332,5.947136563876652,13.020833333333334,,,False,False,False,83.70044052863436,84.89583333333334,SIDEWAYS,LOW_VOL,SIDEWAYS_LOW_VOL,14.425380431611178,Explosive,False,True,25.164678053696903,0.484375,True,False,CORE,[],False,False,False,False,,,False,,"Long – Symbol    BBVA
Symbol    BBVA
Name: 93, dtype: object; TechRating 16.9; AlphaScore 0.00; in a SIDEWAYS_LOW_VOL regime","This setup ranks in the top 5% of prior samples. Similar-score bucket outcomes: 5d avg 0.3%, 5d win 52%, 10d avg 0.5%, 10d win 53%.",Explosive | ICS_Q10,"This setup ranks in the top 5% of prior samples. Similar-score bucket outcomes: 5d avg 0.3%, 5d win 52%, 10d avg 0.5%, 10d win 53%.",,,
55.14,54.78,55.295,54.35,40507111.0,0.017880746024805737,0.9859443358077883,2,3,0,0,0,2,0.02205746061167746,0.1059626987597132,0.0005988912995556025,False,12.440409763674538,16.86494278152397,-0.001458208286203444,None,BAC,394955943281.0,Financials,NATIONAL COMMERCIAL BANKS,Banks,BAC,,B-,2025-12-10,48.36,,,,73.0,,,Financials,47.294207317073166,7.0,-0.2585623946472719,58.079268292682926,41.3109756097561,51.0670731707317,45.88414634146341,52.13414634146341,86.1280487804878,6.859756097560976,36.89024390243903,13.537551727174009,0.3967785037449281,0.1572270105192003,0.099242525050402,0.0087111720208179,0.5371979601887302,0.1714034558173278,0.1569892131475685,9.074665566748534,0.0005110188438198,0.0963855421686747,0.1322551193426372,0.1418120427687113,0.0827695552135837,0.0,1481.963774101538,1317.0,7.99494,0.0,98.28721267574204,,,Long,1.207177589992167,0.0,0.0,1.0,0.0,1.0,-0.0023079176899045706,-0.0008917353,-0.0023079176899045706,-0.0008917353,0.04067537732971104,0.28482974,0.18716799238543666,2233562100.54,0.8501742308298114,0.53201246,55.24,53.66,58.39,2.0,63,False,,0.0,0.0,0.020457405150551743,204.57405150551742,0.0,0.0,0.013623996846461397,136.23996846461398,Category: Neutral setup. Score: 17 (lower tier). Expected drift: near neutral. Historical analogs: neutral setups have produced steady but unspectacular moves. Role: balanced; fits as a regular position with standard risk. Low/normal volatility.. Fundamental quality: average fundamental quality. Strong institutional/ETF sponsorship (score ~98/100). Held by ~0 ETFs and ~0 institutions. Insiders active on both sides recently; monitor follow-through.,SIDEWAYS_LOW_VOL,False,True,8.972395720271872e-05,True,-0.00579966019033229,0.9000528045059846,0.008078594020530794,True,False,0.7313243169646909,0.00018135680734243358,True,False,-2.7539421193503793e-05,False,True,0.9656738579985741,False,False,False,0.12164315184995268,-0.15925058548009363,0.09324713907619842,-0.001458208286203444,0.010100267499357767,20.26431718061674,33.89830508474576,94.27312775330397,98.30508474576271,,,False,False,False,35.90308370044053,32.20338983050847,SIDEWAYS,LOW_VOL,SIDEWAYS_LOW_VOL,16.069597912362678,Explosive,False,True,50.8045690813079,0.84375,True,False,CORE,[],False,False,False,False,,,False,,"Long – Symbol    BAC
Symbol    BAC
Name: 20, dtype: object; TechRating 16.9; AlphaScore -0.00; in a SIDEWAYS_LOW_VOL regime","This setup ranks in the top 5% of prior samples. Similar-score bucket outcomes: 5d avg 0.3%, 5d win 52%, 10d avg 0.5%, 10d win 53%.",Explosive | ICS_Q10,"This setup ranks in the top 5% of prior samples. Similar-score bucket outcomes: 5d avg 0.3%, 5d win 52%, 10d avg 0.5%, 10d win 53%.",,,
239.95,235.81,239.99,235.23,2928033.0,0.015309466069275246,3.673506383322595,2,3,0,0,0,1,0.019718668989843202,0.2345266965362377,0.0004064691631252251,False,12.32572814337394,16.75664290538374,-0.0007995308755198494,None,UNP,139656790791.0,Industrials,"RAILROADS, LINE-HAUL OPERATING",Other,UNP,,B+,2025-12-10,247.63,,,,73.0,,,Industrials,71.84027114259746,6.0,3.763555705639403,93.01204819277108,87.18072289156626,59.18072289156626,81.59036144578313,81.6867469879518,64.07156673114119,28.33734939759036,79.66265060240964,2.5052779732582686,7.6875,0.0437306584980158,0.4242378667789626,0.1027284513525718,0.4593009044243461,0.40589098020044,0.2872973193188299,-4.109670894402708,-0.0153569678157163,-0.0734620381555854,-0.0437636761487965,-0.0609900990099009,-0.0119107635901363,0.0,582.6201442974424,1039.0,15.74892,0.0,95.69292568623077,False,False,Long,1.1867503784285338,0.0,0.0,1.0,0.0,1.0,-0.0023079176899045706,0.00020606031,-0.0023079176899045706,0.00020606031,0.04067537732971104,0.30104384,0.1968964538894192,702581518.35,0.8403015048398437,0.53566045,240.32,234.44,252.07,2.0,17,False,,0.0,0.0,0.012979148833441227,129.79148833441226,0.0,0.0,0.0049304601926782625,49.304601926782624,Category: Neutral setup. Score: 17 (lower tier). Expected drift: near neutral. Historical analogs: neutral setups have produced steady but unspectacular moves. Role: balanced; fits as a regular position with standard risk. Low/normal volatility.. Sector watch: Industrials overweight in current list—add cautiously. Fundamental quality: respectable fundamentals. Strong institutional/ETF sponsorship (score ~96/100). Held by ~0 ETFs and ~0 institutions.,SIDEWAYS_LOW_VOL,False,True,8.972395720271872e-05,True,-0.00579966019033229,0.9000528045059846,0.008078594020530794,True,False,0.7313243169646909,0.00018135680734243358,True,False,-2.7539421193503793e-05,False,True,0.9656738579985741,False,False,False,0.12164315184995268,-0.15925058548009363,0.08783214526918695,-0.0007995308755198494,0.0068110586185395686,5.947136563876652,8.854166666666668,71.36563876651982,82.29166666666666,,,False,False,False,39.86784140969163,38.02083333333333,SIDEWAYS,LOW_VOL,SIDEWAYS_LOW_VOL,14.23635045713426,Explosive,False,True,28.970797951383116,0.484375,True,False,CORE,[],False,False,False,False,,,False,,"Long – Symbol    UNP
Symbol    UNP
Name: 85, dtype: object; TechRating 16.8; AlphaScore -0.00; in a SIDEWAYS_LOW_VOL regime","This setup ranks in the top 5% of prior samples. Similar-score bucket outcomes: 5d avg 0.3%, 5d win 52%, 10d avg 0.5%, 10d win 53%.",Explosive | ICS_Q10,"This setup ranks in the top 5% of prior samples. Similar-score bucket outcomes: 5d avg 0.3%, 5d win 52%, 10d avg 0.5%, 10d win 53%.",,,
118.82,119.44,119.92,118.31,14459181.0,0.018253096310483507,2.16883290361165,2,3,0,0,1,1,0.0195640981637204,0.08734518447582462,0.00038441417111374527,False,12.345460440826706,16.7563475015069,-0.0018283324665389956,None,XOM,504119977498.0,Energy,PETROLEUM REFINING,Other,XOM,,A-,2025-12-10,116.43,,,,87.0,,,Energy,63.0,6.0,4.138280361673554,65.5,74.0,41.5,55.50000000000001,62.5,58.5,50.0,96.5,0.7540125116766213,40.36326530612245,0.0584100750054584,0.1141524363578158,0.0659263987322269,0.2489468018057411,0.1192850616237798,0.0903262577312437,8.207322537679048,0.0,0.0232558139534883,0.0486373165618448,0.2666923967580085,0.0717805996106108,0.0,2017.926684128068,1206.0,29.49034,0.0,97.85204195492078,,,Long,1.1902651161314688,0.0,0.0,1.0,0.0,1.0,-0.0023079176899045706,-0.0015086089,-0.0023079176899045706,-0.0015086089,0.04067537732971104,0.27571872,0.1817013821921841,1718039886.4199998,0.8372678092527192,0.532183,119.04,115.57,125.98,2.0,28,False,,0.0,0.0,0.020040088519857207,200.40088519857207,0.0,0.0,0.031903225923025226,319.03225923025224,Category: Neutral setup. Score: 17 (lower tier). Expected drift: near neutral. Historical analogs: neutral setups have produced steady but unspectacular moves. Role: balanced; fits as a regular position with standard risk. Low/normal volatility.. Fundamental quality: respectable fundamentals. Strong institutional/ETF sponsorship (score ~98/100). Held by ~0 ETFs and ~0 institutions. Insiders active on both sides recently; monitor follow-through.,SIDEWAYS_LOW_VOL,False,True,8.972395720271872e-05,True,-0.00579966019033229,0.9000528045059846,0.008078594020530794,True,False,0.7313243169646909,0.00018135680734243358,True,False,-2.7539421193503793e-05,False,True,0.9656738579985741,False,False,False,0.12164315184995268,-0.15925058548009363,0.08781737507534508,-0.0018283324665389956,0.006441377435685652,22.90748898678414,23.333333333333332,91.18942731277532,100.0,,,False,False,False,33.92070484581498,13.333333333333334,SIDEWAYS,LOW_VOL,SIDEWAYS_LOW_VOL,16.343711879481372,Explosive,False,True,57.87478854964697,0.9375,True,False,CORE,[],False,False,False,False,,,False,,"Long – Symbol    XOM
Symbol    XOM
Name: 14, dtype: object; TechRating 16.8; AlphaScore -0.00; in a SIDEWAYS_LOW_VOL regime","This setup ranks in the top 5% of prior samples. Similar-score bucket outcomes: 5d avg 0.3%, 5d win 52%, 10d avg 0.5%, 10d win 53%.",Explosive | ICS_Q10,"This setup ranks in the top 5% of prior samples. Similar-score bucket outcomes: 5d avg 0.3%, 5d win 52%, 10d avg 0.5%, 10d win 53%.",,,
130.18,131.61,131.7,129.8072,2721632.0,0.01638672543525371,2.133223917161328,2,3,0,0,0,1,0.017190185966557303,0.18066372823731458,7.894972492536365e-05,False,12.06718589553911,16.551150466103763,0.0025551960803568362,None,PLD,120346321154.0,Financials,REAL ESTATE INVESTMENT TRUSTS,Asset Management & Custody,PLD,,C,2025-12-10,145.79,,,,52.0,,,Financials,63.109756097560975,4.0,1.918220678557797,37.19512195121951,78.5060975609756,73.6280487804878,90.39634146341464,90.39634146341464,31.25,20.73170731707317,82.77439024390245,4.923093086238966,4.33271693285879,0.0437427718586841,0.0601692278469151,0.0328223273215882,0.6768719055634883,0.4697806527100234,0.3670495090386757,-25.628967038731634,-0.0277104995533129,-0.5289855072463767,-0.315972334386538,-0.3819459689176334,-0.0268340418327206,0.0,1025.2201383024733,1340.0,17.54,0.0,98.1867886632448,,,Long,1.140698559655688,0.0,0.0,1.0,0.0,1.0,-0.0023079176899045706,0.0057972716,-0.0023079176899045706,0.0057972716,0.04067537732971104,0.38362435,0.24644476691107906,354302053.76,0.8277097321950749,0.5404825,130.39,126.98,137.22,2.0,29,False,,0.013472406326165849,134.7240632616585,0.02232256024968939,223.22560249689388,0.0,0.0,0.014866132249353752,148.6613224935375,Category: Neutral setup. Score: 17 (lower tier). Expected drift: mildly positive; models imply about +0.3% bias. Historical analogs: neutral setups have produced steady but unspectacular moves. Role: balanced; fits as a regular position with standard risk. Low/normal volatility.. Fundamental quality: respectable fundamentals. Strong institutional/ETF sponsorship (score ~98/100). Held by ~0 ETFs and ~0 institutions. Insiders active on both sides recently; monitor follow-through.,SIDEWAYS_LOW_VOL,False,True,8.972395720271872e-05,True,-0.00579966019033229,0.9000528045059846,0.008078594020530794,True,False,0.7313243169646909,0.00018135680734243358,True,False,-2.7539421193503793e-05,False,True,0.9656738579985741,False,False,False,0.12164315184995268,-0.15925058548009363,0.07755752330518817,0.0025551960803568362,0.0013067087764971966,10.79295154185022,15.254237288135593,47.797356828193834,52.54237288135594,,,False,False,False,79.29515418502203,79.66101694915254,SIDEWAYS,LOW_VOL,SIDEWAYS_LOW_VOL,15.80861961812131,Explosive,False,True,45.763553189097195,0.84375,True,False,CORE,[],False,False,False,False,,,False,,"Long – Symbol    PLD
Symbol    PLD
Name: 103, dtype: object; TechRating 16.6; AlphaScore 0.00; in a SIDEWAYS_LOW_VOL regime","This setup ranks in the top 5% of prior samples. Similar-score bucket outcomes: 5d avg 0.3%, 5d win 52%, 10d avg 0.5%, 10d win 53%.",Explosive | ICS_Q10,"This setup ranks in the top 5% of prior samples. Similar-score bucket outcomes: 5d avg 0.3%, 5d win 52%, 10d avg 0.5%, 10d win 53%.",,,
211.58,210.28,212.27,208.9632,6922683.0,0.016045360497143647,3.3948773739856533,2,3,0,0,-1,2,0.047788837716040256,0.1977319751428176,-0.000146912444113098,False,12.149113480685523,16.50548081077372,-0.0038656767923384906,None,JNJ,497615810367.0,Health Care,PHARMACEUTICAL PREPARATIONS,Pharmaceuticals,JNJ,,A-,2025-12-10,182.75,,,,60.0,,,Health Care,87.85982478097623,6.0,4.671050523570878,88.73591989987484,94.74342928660826,68.96120150187734,94.86858573216522,94.99374217772215,84.48060075093868,80.72590738423028,95.369211514393,-0.2994160325606087,36.05097451274363,0.0395713520245954,0.3269117517870564,0.1302744585511575,0.6807778706225787,0.2609469446222965,0.2725911295836091,84.39692850847466,-0.027841918294849,2.1958041958041963,1.6363175675675676,0.6399375162718042,-0.0285667401207898,0.0,2242.5257458966944,1842.0,21.9971,0.0,99.60946217362196,,,Long,1.1552915878174523,0.0,0.0,1.0,0.0,1.0,-0.0023079176899045706,-0.0049041826,-0.0023079176899045706,-0.0049041826,0.04067537732971104,0.22556712,0.15161042431216395,1464701269.14,0.8040031805906014,0.5212732,211.92,206.49,222.78,2.0,18,False,,0.0,0.0,0.02279747257088341,227.9747257088341,0.0,0.0,0.0362928994641011,362.928994641011,Category: Neutral setup. Score: 17 (lower tier). Expected drift: mildly negative; models imply about -0.4% bias. Historical analogs: neutral setups have produced steady but unspectacular moves. Role: balanced; fits as a regular position with standard risk. Low/normal volatility.. Sector watch: Health Care overweight in current list—add cautiously. Fundamental quality: strong profitability and balance-sheet quality. Strong institutional/ETF sponsorship (score ~100/100). Held by ~0 ETFs and ~0 institutions. Insiders active on both sides recently; monitor follow-through.,SIDEWAYS_LOW_VOL,False,True,8.972395720271872e-05,True,-0.00579966019033229,0.9000528045059846,0.008078594020530794,True,False,0.7313243169646909,0.00018135680734243358,True,False,-2.7539421193503793e-05,False,True,0.9656738579985741,False,False,False,0.12164315184995268,-0.15925058548009363,0.07527404053868594,-0.0038656767923384906,-0.002424860527172605,9.911894273127754,6.0606060606060606,88.76651982378854,93.93939393939394,,,False,False,False,27.75330396475771,39.39393939393939,SIDEWAYS,LOW_VOL,SIDEWAYS_LOW_VOL,16.040066037551334,Explosive,False,True,56.6036402796433,0.9375,True,False,CORE,[],False,False,False,False,,,False,,"Long – Symbol    JNJ
Symbol    JNJ
Name: 15, dtype: object; TechRating 16.5; AlphaScore -0.00; in a SIDEWAYS_LOW_VOL regime","This setup ranks in the top 5% of prior samples. Similar-score bucket outcomes: 5d avg 0.3%, 5d win 52%, 10d avg 0.5%, 10d win 53%.",Explosive | ICS_Q10,"This setup ranks in the top 5% of prior samples. Similar-score bucket outcomes: 5d avg 0.3%, 5d win 52%, 10d avg 0.5%, 10d win 53%.",,,
72.77,73.04,73.38,72.62,1461654.0,0.013306580561381776,0.9683198674517518,2,3,0,0,-1,1,0.01492329149232896,0.3346709719309112,-0.00018378916872313942,False,12.0060193736891,16.441308156385354,0.0003878587391227483,None,BNS,90501702984.0,Financials,STATE COMMERCIAL BANKS,Banks,BNS,,C+,2025-12-10,72.15,,,,4.0,,,Financials,35.2515243902439,6.0,-0.5325781425644461,50.91463414634146,27.89634146341464,21.646341463414632,31.70731707317073,36.28048780487805,84.29878048780488,1.829268292682927,27.439024390243905,37.08798782670963,0.2027052017013182,0.148597226480359,0.0858867942503959,0.0050979510647592,0.2996235918544194,0.1038913561525129,0.097649480069324,24.004997628091388,0.0094774183300683,-0.4552845528455284,-0.3539429840799704,0.0,5.486007716053569,0.0,249.016920189,540.0,10.01,0.0,90.89488953358624,,,Long,1.129803514057564,0.0,0.0,1.0,0.0,1.0,-0.0023079176899045706,0.002185043,-0.0023079176899045706,0.002185043,0.04067537732971104,0.33027282,0.21443385401587642,106364561.58,0.8094241330429733,0.5395279,72.87,71.32,75.97,2.0,64,False,,0.0025183740215817046,25.183740215817046,0.027489681825935895,274.89681825935895,0.0,0.0,0.018307274835228895,183.07274835228895,Category: Neutral setup. Score: 16 (lower tier). Expected drift: near neutral. Historical analogs: neutral setups have produced steady but unspectacular moves. Role: balanced; fits as a regular position with standard risk. Low/normal volatility.. Fundamental quality: weak or deteriorating fundamentals. Strong institutional/ETF sponsorship (score ~91/100). Held by ~0 ETFs and ~0 institutions. Insiders active on both sides recently; monitor follow-through.,SIDEWAYS_LOW_VOL,False,True,8.972395720271872e-05,True,-0.00579966019033229,0.9000528045059846,0.008078594020530794,True,False,0.7313243169646909,0.00018135680734243358,True,False,-2.7539421193503793e-05,False,True,0.9656738579985741,False,False,False,0.12164315184995268,-0.15925058548009363,0.0720654078192677,0.0003878587391227483,-0.003021734358783036,1.9823788546255507,1.694915254237288,14.317180616740089,5.084745762711865,,,False,False,False,50.881057268722465,44.06779661016949,SIDEWAYS,LOW_VOL,SIDEWAYS_LOW_VOL,15.683197724496882,Explosive,False,True,31.020636096699523,0.84375,True,False,CORE,[],False,False,False,False,,,False,,"Long – Symbol    BNS
Symbol    BNS
Name: 138, dtype: object; TechRating 16.4; AlphaScore 0.00; in a SIDEWAYS_LOW_VOL regime","This setup ranks in the top 5% of prior samples. Similar-score bucket outcomes: 5d avg 0.3%, 5d win 52%, 10d avg 0.5%, 10d win 53%.",Explosive | ICS_Q10,"This setup ranks in the top 5% of prior samples. Similar-score bucket outcomes: 5d avg 0.3%, 5d win 52%, 10d avg 0.5%, 10d win 53%.",,,
182.09,184.14,185.0,181.29,2549380.0,0.01754711800468019,3.195154717472216,2,3,0,0,-1,2,0.023725192556361296,0.12264409976599044,-0.0003079034332810582,False,11.788691678876754,16.321644952948134,0.005774424318224192,None,ROST,59142396472.0,Consumer Discretionary,RETAIL-FAMILY CLOTHING STORES,Other,ROST,,B+,2025-12-10,138.97,,,,75.0,,,Consumer Discretionary,71.42269736842105,7.0,6.23544192207113,86.8421052631579,93.42105263157896,7.236842105263158,83.88157894736842,86.8421052631579,52.960526315789465,67.10526315789474,93.0921052631579,0.389347084496857,120.53398860922286,0.0341031955816081,0.3628219052479701,0.1353206358028944,0.0712140653518526,0.1191367204077404,0.0946987808064774,-11.813879698394654,-0.1568444249670896,-0.1777777777777778,-0.1469180858342731,-0.1703829149248178,0.0612292185842256,0.0,228.95176107912943,969.0,10.0,0.0,92.74715465297923,,,Long,1.0910928750821798,0.0,0.0,1.0,0.0,1.0,-0.0023079176899045706,0.011162652,-0.0023079176899045706,0.011162652,0.04067537732971104,0.46286935,0.29399176457743803,464216604.2,0.8121074864055202,0.5534988,182.41,177.3,192.63,2.0,19,False,,0.02843256325588259,284.32563255882593,0.0208463672339813,208.463672339813,0.0,0.0,0.033186797697078975,331.86797697078975,Category: Neutral setup. Score: 16 (lower tier). Expected drift: mildly positive; models imply about +0.6% bias. Historical analogs: neutral setups have produced steady but unspectacular moves. Role: balanced; fits as a regular position with standard risk. Low/normal volatility.. Fundamental quality: respectable fundamentals. Strong institutional/ETF sponsorship (score ~93/100). Held by ~0 ETFs and ~0 institutions. Insiders active on both sides recently; monitor follow-through.,SIDEWAYS_LOW_VOL,False,True,8.972395720271872e-05,True,-0.00579966019033229,0.9000528045059846,0.008078594020530794,True,False,0.7313243169646909,0.00018135680734243358,True,False,-2.7539421193503793e-05,False,True,0.9656738579985741,False,False,False,0.12164315184995268,-0.15925058548009363,0.0660822476474067,0.005774424318224192,-0.0050254905178071865,18.06167400881057,11.11111111111111,58.370044052863435,33.33333333333333,,,False,False,False,92.07048458149781,88.88888888888889,SIDEWAYS,LOW_VOL,SIDEWAYS_LOW_VOL,16.03207754040091,Explosive,False,True,44.44056637763261,0.9375,True,False,CORE,[],False,False,False,False,,,False,,"Long – Symbol    ROST
Symbol    ROST
Name: 213, dtype: object; TechRating 16.3; AlphaScore 0.01; in a SIDEWAYS_LOW_VOL regime","This setup ranks in the top 5% of prior samples. Similar-score bucket outcomes: 5d avg 0.3%, 5d win 52%, 10d avg 0.5%, 10d win 53%.",Explosive | ICS_Q10,"This setup ranks in the top 5% of prior samples. Similar-score bucket outcomes: 5d avg 0.3%, 5d win 52%, 10d avg 0.5%, 10d win 53%.",,,
203.73,203.8,203.96,203.52,2262866.0,0.004182342664434999,0.8520686710253422,2,3,0,1,0,1,0.0,0.79088286677825,-0.0004063932268129539,False,15.933502620569074,17.892767879696052,-0.14653273075819015,None,EA,50756650674.0,Information Technology,SERVICES-PREPACKAGED SOFTWARE,Software,EA,,B,2025-12-10,164.31,,,,64.0,,,Information Technology,73.96061269146608,7.0,6.817635418548668,69.14660831509846,76.80525164113786,85.33916849015317,82.71334792122538,76.14879649890591,58.20568927789934,52.07877461706784,91.2472647702407,0.207002457002457,36.8235294117647,0.0325176276989113,0.1367851622874807,0.0746583431752994,0.7867727771679474,0.1717892425905598,0.1214324917672887,22.750280850840788,-0.0668915120854412,0.5441176470588235,0.0518867924528301,0.5555555555555556,0.0528455595602714,0.0,563.1026271195145,1206.0,12.0,0.0,96.87011827717026,,,Long,1.8293709860409104,0.0,0.0,1.0,0.0,1.0,-0.04365355148911476,-0.21511884,-0.04365355148911476,-0.21511884,-0.009173321472415022,-2.8792393,-1.7312130402512584,461013690.17999995,0.5831665768386515,0.556252,203.82,202.45,206.54,2.0,73,False,,0.0,0.0,0.0874614289580178,874.614289580178,0.0,0.0,0.1392359981261273,1392.359981261273,Category: Neutral setup. Score: 18 (lower tier). Expected drift: negative; models imply roughly -14.7% downside bias. Historical analogs: neutral setups have produced steady but unspectacular moves. Role: balanced; fits as a regular position with standard risk. Low/normal volatility.. Fundamental quality: respectable fundamentals. Strong institutional/ETF sponsorship (score ~97/100). Held by ~0 ETFs and ~0 institutions. Insiders active on both sides recently; monitor follow-through.,SIDEWAYS_LOW_VOL,False,True,8.972395720271872e-05,True,-0.00579966019033229,0.9000528045059846,0.008078594020530794,True,False,0.7313243169646909,0.00018135680734243358,True,False,-2.7539421193503793e-05,False,True,0.9656738579985741,False,False,False,0.12164315184995268,-0.15925058548009363,0.1446383939848026,-0.14653273075819015,-0.007271499675244854,0.4405286343612335,1.5625,57.9295154185022,25.0,,,False,False,False,1.762114537444934,1.5625,SIDEWAYS,LOW_VOL,SIDEWAYS_LOW_VOL,15.601768166395324,Explosive,False,True,48.14358337374468,0.9375,True,False,CORE,[],False,False,False,False,,,False,,"Long – Symbol    EA
Symbol    EA
Name: 240, dtype: object; TechRating 17.9; AlphaScore -0.15; in a SIDEWAYS_LOW_VOL regime","This setup ranks in the top 5% of prior samples. Similar-score bucket outcomes: 5d avg 0.3%, 5d win 52%, 10d avg 0.5%, 10d win 53%.",Explosive | ICS_Q10,"This setup ranks in the top 5% of prior samples. Similar-score bucket outcomes: 5d avg 0.3%, 5d win 52%, 10d avg 0.5%, 10d win 53%.",,,
23.84,24.11,24.155,23.76,4139531.0,0.018080369655802994,0.4310360125943434,2,3,0,0,0,1,0.02670111972437561,0.09598151720985026,-0.000727600462922941,False,11.66071128260728,16.13914489214092,0.003528404887765646,None,BCS,84844074474.0,Industrials,,Other,BCS,,B+,2025-12-10,29.0,,,,1.0,,,Industrials,61.68557887255017,5.0,-0.0497063516963874,62.3132530120482,39.95180722891566,65.59036144578313,67.2289156626506,68.57831325301204,40.08704061895551,96.19277108433737,53.5421686746988,-10.030011115227865,0.3582512800315084,0.0,0.0956062933656698,0.0043891912178645,0.5114207092962841,0.1750341562914927,0.1350279985375334,59.5847216099152,0.3531683342109882,0.9431988041853512,0.6369656833232992,1.2658128849349888,-0.2199096261588675,0.0,11.26,5.0,3.79,0.0,36.07453693372016,,,Long,1.0682968714702519,0.0,0.0,1.0,0.0,1.0,-0.0023079176899045706,0.0074192863,-0.0023079176899045706,0.0074192863,0.04067537732971104,0.407581,0.2608187548242108,98686419.04,0.7856795306441375,0.53758085,23.88,23.19,25.26,2.0,144,False,,0.007777301407048644,77.77301407048644,0.010990031866404166,109.90031866404166,0.0,0.0,0.004174843460763732,41.74843460763732,Category: Neutral setup. Score: 16 (lower tier). Expected drift: mildly positive; models imply about +0.4% bias. Historical analogs: neutral setups have produced steady but unspectacular moves. Role: balanced; fits as a regular position with standard risk. Low/normal volatility.. Sector watch: Industrials overweight in current list—add cautiously. Fundamental quality: respectable fundamentals. Insiders active on both sides recently; monitor follow-through.,SIDEWAYS_LOW_VOL,False,True,8.972395720271872e-05,True,-0.00579966019033229,0.9000528045059846,0.008078594020530794,True,False,0.7313243169646909,0.00018135680734243358,True,False,-2.7539421193503793e-05,False,True,0.9656738579985741,False,False,False,0.12164315184995268,-0.15925058548009363,0.056957244607045966,0.003528404887765646,-0.011742849294702151,21.58590308370044,27.604166666666668,13.43612334801762,26.041666666666668,,,False,False,False,85.02202643171806,86.97916666666666,SIDEWAYS,LOW_VOL,SIDEWAYS_LOW_VOL,13.74826459986579,Explosive,False,True,14.132292978092746,0.484375,True,False,CORE,[],False,False,False,False,,,False,,"Long – Symbol    BCS
Symbol    BCS
Name: 150, dtype: object; TechRating 16.1; AlphaScore 0.00; in a SIDEWAYS_LOW_VOL regime","This setup sits in roughly the top 10% of prior samples. Similar-score bucket outcomes: 5d avg 0.3%, 5d win 52%, 10d avg 0.5%, 10d win 53%.",Explosive | ICS_Q10,"This setup sits in roughly the top 10% of prior samples. Similar-score bucket outcomes: 5d avg 0.3%, 5d win 52%, 10d avg 0.5%, 10d win 53%.",,,
117.03,118.97,119.18,116.75,3422546.0,0.01818328430928775,2.1279897627159454,2,3,0,0,0,1,0.02639887738993174,0.09083578453561258,-0.0008255552958274889,False,11.63601176577094,16.098840672663417,0.002849128469824791,None,BK,82552304956.0,Financials,STATE COMMERCIAL BANKS,Banks,BK,,B+,2025-12-10,77.08,,,,46.0,,,Financials,43.4641768292683,8.0,0.4750169557567411,71.1890243902439,54.420731707317074,41.920731707317074,44.207317073170735,45.1219512195122,31.554878048780488,26.981707317073173,32.31707317073171,3.7204274041483343,0.3169953319996189,0.0439517453760294,0.1217419572057167,0.0115151807991003,0.4798625361584295,0.1645363067718248,0.1296264247039335,1.4984576252070383,-0.0380743546297219,0.0192307692307692,0.0357894736842105,0.0339673913043478,0.0240096016707463,0.0,418.37439283821055,1258.0,12.0,0.0,96.55210890426244,,,Long,1.06389736739442,0.0,0.0,1.0,0.0,1.0,-0.0023079176899045706,0.006287159,-0.0023079176899045706,0.006287159,0.04067537732971104,0.3908598,0.25078604141097227,400540558.38,0.7793084033002133,0.5421537,117.24,113.84,124.05,2.0,29,False,,0.013537947331745721,135.3794733174572,0.020117029443175265,201.17029443175267,0.0,0.0,0.013397317190376857,133.97317190376856,Category: Neutral setup. Score: 16 (lower tier). Expected drift: mildly positive; models imply about +0.3% bias. Historical analogs: neutral setups have produced steady but unspectacular moves. Role: balanced; fits as a regular position with standard risk. Low/normal volatility.. Fundamental quality: average fundamental quality. Strong institutional/ETF sponsorship (score ~97/100). Held by ~0 ETFs and ~0 institutions. Insiders active on both sides recently; monitor follow-through.,SIDEWAYS_LOW_VOL,False,True,8.972395720271872e-05,True,-0.00579966019033229,0.9000528045059846,0.008078594020530794,True,False,0.7313243169646909,0.00018135680734243358,True,False,-2.7539421193503793e-05,False,True,0.9656738579985741,False,False,False,0.12164315184995268,-0.15925058548009363,0.05494203363317087,0.002849128469824791,-0.013290483174000257,22.46696035242291,38.983050847457626,52.20264317180616,62.71186440677966,,,False,False,False,81.05726872246696,81.35593220338984,SIDEWAYS,LOW_VOL,SIDEWAYS_LOW_VOL,15.380070764572919,Explosive,False,True,29.389369712826923,0.84375,True,False,CORE,[],False,False,False,False,,,False,,"Long – Symbol    BK
Symbol    BK
Name: 152, dtype: object; TechRating 16.1; AlphaScore 0.00; in a SIDEWAYS_LOW_VOL regime","This setup ranks in the top 5% of prior samples. Similar-score bucket outcomes: 5d avg 0.3%, 5d win 52%, 10d avg 0.5%, 10d win 53%.",Explosive | ICS_Q10,"This setup ranks in the top 5% of prior samples. Similar-score bucket outcomes: 5d avg 0.3%, 5d win 52%, 10d avg 0.5%, 10d win 53%.",,,
201.74,204.22,204.425,200.62,1489913.0,0.01828083936188443,3.687976532866565,2,3,0,0,1,0,0.009709709709709635,0.08595803190577855,-0.0009208294894235121,False,11.612598553147736,16.060008041681677,0.0021748846862465142,None,AME,46321328604.0,Industrials,"INDUSTRIAL INSTRUMENTS FOR MEASUREMENT, DISPLAY, AND CONTROL",Other,AME,,A-,2025-12-10,185.39,,,,28.0,,,Industrials,68.98877327491786,8.0,6.742769062557849,75.95180722891565,84.19277108433735,47.42168674698795,75.32530120481927,77.5421686746988,59.09090909090909,41.25301204819277,91.13253012048192,1.069449684936955,23.316609427106663,0.0363082985582257,0.1449204823249902,0.0907659543412269,0.3617638642876385,0.2615501649156159,0.2050171196786274,-6.94624136678554,-0.0168204849903667,-0.0952380952380951,-0.1910311205496653,-0.0301760625696989,-0.014046304991451,0.0,31100496.289745174,929.0,31100100.0,0.0,96.1448337424682,,,Long,1.059726981186195,0.0,0.0,1.0,0.0,1.0,-0.0023079176899045706,0.0051634195,-0.0023079176899045706,0.0051634195,0.04067537732971104,0.37426254,0.24082768479209102,300575048.62,0.7731122274482586,0.53995526,202.11,196.21,213.91,2.0,16,False,,0.0047413053269105415,47.41305326910542,0.010869513961593009,108.69513961593009,0.0,0.0,0.004129061665685969,41.29061665685969,Category: Neutral setup. Score: 16 (lower tier). Expected drift: mildly positive; models imply about +0.2% bias. Historical analogs: neutral setups have produced steady but unspectacular moves. Role: balanced; fits as a regular position with standard risk. Low/normal volatility.. Sector watch: Industrials overweight in current list—add cautiously. Fundamental quality: respectable fundamentals. Strong institutional/ETF sponsorship (score ~96/100). Held by ~0 ETFs and ~0 institutions. Insiders active on both sides recently; monitor follow-through.,SIDEWAYS_LOW_VOL,False,True,8.972395720271872e-05,True,-0.00579966019033229,0.9000528045059846,0.008078594020530794,True,False,0.7313243169646909,0.00018135680734243358,True,False,-2.7539421193503793e-05,False,True,0.9656738579985741,False,False,False,0.12164315184995268,-0.15925058548009363,0.05300040208408383,0.0021748846862465142,-0.014788529005159236,23.127753303964756,28.645833333333332,41.409691629955944,57.291666666666664,,,False,False,False,75.1101321585903,78.125,SIDEWAYS,LOW_VOL,SIDEWAYS_LOW_VOL,13.66949335526252,Explosive,False,True,17.846072064547663,0.484375,True,False,CORE,[],False,False,False,False,,,False,,"Long – Symbol    AME
Symbol    AME
Name: 251, dtype: object; TechRating 16.1; AlphaScore 0.00; in a SIDEWAYS_LOW_VOL regime","This setup ranks in the top 5% of prior samples. Similar-score bucket outcomes: 5d avg 0.3%, 5d win 52%, 10d avg 0.5%, 10d win 53%.",Explosive | ICS_Q10,"This setup ranks in the top 5% of prior samples. Similar-score bucket outcomes: 5d avg 0.3%, 5d win 52%, 10d avg 0.5%, 10d win 53%.",,,
86.98,87.32,87.32,86.3,1086478.0,0.018156861420837823,1.5792838063844739,2,3,0,0,1,0,0.0,0.0921569289581089,-0.0009599680464733728,False,11.642353258998922,16.058159655875098,0.0005556886550039052,None,SSNC,20976986137.0,Information Technology,SERVICES-PREPACKAGED SOFTWARE,Software,SSNC,,B+,2025-12-10,88.7,,,,23.0,,,Information Technology,65.0984682713348,6.0,1.8602260560676187,67.6148796498906,68.05251641137856,44.201312910284464,89.05908096280088,78.55579868708972,83.80743982494529,20.13129102844639,69.36542669584244,3.011030274583431,3.248291569476082,0.0770572878945635,0.1253581793637189,0.0437160713002965,0.4856060113200182,0.2319302581159326,0.1385726367835534,-3.045026163971512,-0.010328822644963,-0.1386138613861386,-0.0046313449425713,0.0,0.0013227207750973,0.0,122.53188413830398,626.0,4.141,0.0,88.42892211559919,,,Long,1.0650269208787342,0.0,0.0,1.0,0.0,1.0,-0.0023079176899045706,0.0024647594,-0.0023079176899045706,0.0024647594,0.04067537732971104,0.33440414,0.21691264727931178,94501856.44,0.7681869251189363,0.5466007,87.14,84.61,92.19,2.0,39,False,,0.0026442582525352514,26.442582525352513,0.020146304878648432,201.4630487864843,0.0,0.0,0.032072319212602264,320.72319212602264,Category: Neutral setup. Score: 16 (lower tier). Expected drift: near neutral. Historical analogs: neutral setups have produced steady but unspectacular moves. Role: balanced; fits as a regular position with standard risk. Low/normal volatility.. Fundamental quality: respectable fundamentals. Strong institutional/ETF sponsorship (score ~88/100). Held by ~0 ETFs and ~0 institutions. Insiders active on both sides recently; monitor follow-through.,SIDEWAYS_LOW_VOL,False,True,8.972395720271872e-05,True,-0.00579966019033229,0.9000528045059846,0.008078594020530794,True,False,0.7313243169646909,0.00018135680734243358,True,False,-2.7539421193503793e-05,False,True,0.9656738579985741,False,False,False,0.12164315184995268,-0.15925058548009363,0.0529079827937549,0.0005556886550039052,-0.015415320154807947,22.026431718061673,7.8125,12.555066079295155,1.5625,,,False,False,False,53.74449339207048,67.1875,SIDEWAYS,LOW_VOL,SIDEWAYS_LOW_VOL,15.25632555390534,Explosive,False,True,26.897804861721273,0.9375,True,False,CORE,[],False,False,False,False,,,False,,"Long – Symbol    SSNC
Symbol    SSNC
Name: 446, dtype: object; TechRating 16.1; AlphaScore 0.00; in a SIDEWAYS_LOW_VOL regime","This setup ranks in the top 5% of prior samples. Similar-score bucket outcomes: 5d avg 0.3%, 5d win 52%, 10d avg 0.5%, 10d win 53%.",Explosive | ICS_Q10,"This setup ranks in the top 5% of prior samples. Similar-score bucket outcomes: 5d avg 0.3%, 5d win 52%, 10d avg 0.5%, 10d win 53%.",,,
53.42,53.94,53.98,53.33,9226134.0,0.01780232724406292,0.9510003213778412,2,3,0,0,-1,2,0.04213811939133838,0.10988363779685406,-0.0009789940068671344,False,11.727441461424899,16.08247501797826,-0.002643099264241755,None,USB,83232172118.0,Financials,NATIONAL COMMERCIAL BANKS,Banks,USB,,B+,2025-12-10,55.83,,,,48.0,,,Financials,58.8795731707317,6.0,-0.4862266450788764,69.51219512195121,49.23780487804878,65.70121951219512,57.77439024390244,58.079268292682926,83.38414634146342,41.46341463414634,45.88414634146341,1.1476686558106604,0.632839145263451,0.1435201327292907,0.1181013094983816,0.0103371361760937,0.6290778941258978,0.2198737636332857,0.1738289279582114,1.046380165102452,-0.0292573143285821,0.0198019801980198,0.0119352088661551,0.0241935483870967,0.0256455851324331,0.0,565.2167589728899,1342.0,14.06177,0.0,97.63445659451016,,,Long,1.0801829215348886,0.0,0.0,1.0,0.0,1.0,-0.0023079176899045706,-0.0028665536,-0.0023079176899045706,-0.0028665536,0.04067537732971104,0.2556623,0.169667532237579,492860078.28000003,0.7615025352808303,0.53560823,53.52,51.99,56.56,2.0,65,False,,0.0,0.0,0.020547519479261384,205.47519479261385,0.0,0.0,0.013684010192295145,136.84010192295145,Category: Neutral setup. Score: 16 (lower tier). Expected drift: mildly negative; models imply about -0.3% bias. Historical analogs: neutral setups have produced steady but unspectacular moves. Role: balanced; fits as a regular position with standard risk. Low/normal volatility.. Fundamental quality: respectable fundamentals. Strong institutional/ETF sponsorship (score ~98/100). Held by ~0 ETFs and ~0 institutions. Insiders active on both sides recently; monitor follow-through.,SIDEWAYS_LOW_VOL,False,True,8.972395720271872e-05,True,-0.00579966019033229,0.9000528045059846,0.008078594020530794,True,False,0.7313243169646909,0.00018135680734243358,True,False,-2.7539421193503793e-05,False,True,0.9656738579985741,False,False,False,0.12164315184995268,-0.15925058548009363,0.05412375089891306,-0.002643099264241755,-0.015744646658191128,19.60352422907489,32.20338983050847,60.13215859030837,66.10169491525424,,,False,False,False,30.616740088105725,30.508474576271187,SIDEWAYS,LOW_VOL,SIDEWAYS_LOW_VOL,15.312085964476042,Explosive,False,True,31.21360004230685,0.84375,True,False,CORE,[],False,False,False,False,,,False,,"Long – Symbol    USB
Symbol    USB
Name: 151, dtype: object; TechRating 16.1; AlphaScore -0.00; in a SIDEWAYS_LOW_VOL regime","This setup ranks in the top 5% of prior samples. Similar-score bucket outcomes: 5d avg 0.3%, 5d win 52%, 10d avg 0.5%, 10d win 53%.",Explosive | ICS_Q10,"This setup ranks in the top 5% of prior samples. Similar-score bucket outcomes: 5d avg 0.3%, 5d win 52%, 10d avg 0.5%, 10d win 53%.",,,
