AsOf,Symbol,Signal,TechRating,AlphaScore,Entry,Stop,Target,MarketRegime
2025-12-07T20:57:04.364661,AA,Long,16.0,16.0,,,,SIDEWAYS_LOW_VOL
2025-12-07T20:57:04.364661,AAL,Long,16.0,16.0,,,,SIDEWAYS_LOW_VOL
2025-12-07T22:17:26.058336,AA,Avoid,15.0,15.0,,,,SIDEWAYS_LOW_VOL
2025-12-07T22:17:26.058336,AAL,Avoid,15.0,15.0,,,,SIDEWAYS_LOW_VOL
2025-12-07T22:17:26.058336,AACB,Avoid,8.0,8.0,,,,SIDEWAYS_LOW_VOL
2025-12-08T16:34:57.393848,AAPL,Long,50.0,0.0,100.0,95.0,110.0,
2025-12-08T16:34:58.083017,AAA,Long,19.097056412696837,0.09764863550662994,,,,SIDEWAYS_LOW_VOL
2025-12-08T16:41:12.383289,AAPL,Long,50.0,0.0,100.0,95.0,110.0,
2025-12-08T16:41:13.151624,AAA,Long,17.4,19.0,,,,SIDEWAYS_LOW_VOL
2025-12-08T16:41:13.151624,BBB,Long,17.4,19.0,,,,SIDEWAYS_LOW_VOL
2025-12-08T16:46:51.564587,AAPL,Long,50.0,0.0,100.0,95.0,110.0,
2025-12-08T16:46:52.072280,AAA,Long,17.4,19.0,,,,SIDEWAYS_LOW_VOL
2025-12-08T16:46:52.072280,BBB,Long,17.4,19.0,,,,SIDEWAYS_LOW_VOL
2025-12-08T17:08:07.273291,SWKHL,Strong Long,29.020390272297128,22.0,,,,SIDEWAYS_LOW_VOL
2025-12-08T17:08:07.273291,CNI,Strong Long,29.020390272297128,22.0,,,,SIDEWAYS_LOW_VOL
2025-12-08T17:08:07.273291,PSIG,Strong Long,27.834143409984407,21.0,,,,SIDEWAYS_LOW_VOL
2025-12-08T17:08:07.273291,HE,Strong Long,27.834143409984407,21.0,,,,SIDEWAYS_LOW_VOL
2025-12-08T17:08:07.273291,VRNT,Strong Long,27.834143409984407,21.0,,,,SIDEWAYS_LOW_VOL
2025-12-08T17:08:07.273291,ORRF,Strong Long,26.647896547671678,20.0,,,,SIDEWAYS_LOW_VOL
2025-12-08T17:08:07.273291,IBIO,Strong Long,26.647896547671678,20.0,,,,SIDEWAYS_LOW_VOL
2025-12-08T17:08:07.273291,FULC,Strong Long,26.647896547671678,20.0,,,,SIDEWAYS_LOW_VOL
2025-12-08T17:08:07.273291,PLBY,Strong Long,25.461649685358957,19.0,,,,SIDEWAYS_LOW_VOL
2025-12-08T17:08:07.273291,AXTI,Strong Long,25.461649685358957,19.0,,,,SIDEWAYS_LOW_VOL
2025-12-08T17:09:56.858711,CNI,Strong Long,29.009022750551402,22.0,,,,SIDEWAYS_LOW_VOL
2025-12-08T17:09:56.858711,SWKHL,Strong Long,29.009022750551402,22.0,,,,SIDEWAYS_LOW_VOL
2025-12-08T17:09:56.858711,VRNT,Strong Long,27.823050399301913,21.0,,,,SIDEWAYS_LOW_VOL
2025-12-08T17:09:56.858711,ANSC,Strong Long,27.823050399301913,21.0,,,,SIDEWAYS_LOW_VOL
2025-12-08T17:09:56.858711,HE,Strong Long,27.823050399301913,21.0,,,,SIDEWAYS_LOW_VOL
2025-12-08T17:09:56.858711,FCAP,Strong Long,26.637078048052423,20.0,,,,SIDEWAYS_LOW_VOL
2025-12-08T17:09:56.858711,FULC,Strong Long,26.637078048052423,20.0,,,,SIDEWAYS_LOW_VOL
2025-12-08T17:09:56.858711,OCUL,Strong Long,25.45110569680294,19.0,,,,SIDEWAYS_LOW_VOL
2025-12-08T17:09:56.858711,SND,Strong Long,25.45110569680294,19.0,,,,SIDEWAYS_LOW_VOL
2025-12-08T17:09:56.858711,WBD,Strong Long,25.45110569680294,19.0,,,,SIDEWAYS_LOW_VOL
2025-12-08T17:11:58.141182,SWKHL,Strong Long,28.997327761446893,22.0,,,,SIDEWAYS_LOW_VOL
2025-12-08T17:11:58.141182,CNI,Strong Long,28.997327761446893,22.0,,,,SIDEWAYS_LOW_VOL
2025-12-08T17:11:58.141182,HE,Strong Long,27.812169234486134,21.0,,,,SIDEWAYS_LOW_VOL
2025-12-08T17:11:58.141182,MBAV,Strong Long,27.812169234486134,21.0,,,,SIDEWAYS_LOW_VOL
2025-12-08T17:11:58.141182,VRNT,Strong Long,27.812169234486134,21.0,,,,SIDEWAYS_LOW_VOL
2025-12-08T17:11:58.141182,ORRF,Strong Long,26.627010707525372,20.0,,,,SIDEWAYS_LOW_VOL
2025-12-08T17:11:58.141182,FULC,Strong Long,26.627010707525372,20.0,,,,SIDEWAYS_LOW_VOL
2025-12-08T17:11:58.141182,PASG,Strong Long,25.44185218056461,19.0,,,,SIDEWAYS_LOW_VOL
2025-12-08T17:11:58.141182,SND,Strong Long,25.44185218056461,19.0,,,,SIDEWAYS_LOW_VOL
2025-12-08T17:11:58.141182,CVNA,Strong Long,25.44185218056461,19.0,,,,SIDEWAYS_LOW_VOL
2025-12-08T17:16:47.479851,SWKHL,Strong Long,28.986475880423093,22.0,,,,SIDEWAYS_LOW_VOL
2025-12-08T17:16:47.479851,CNI,Strong Long,28.986475880423093,22.0,,,,SIDEWAYS_LOW_VOL
2025-12-08T17:16:47.479851,VRNT,Strong Long,27.800836956365835,21.0,,,,SIDEWAYS_LOW_VOL
2025-12-08T17:16:47.479851,HE,Strong Long,27.800836956365835,21.0,,,,SIDEWAYS_LOW_VOL
2025-12-08T17:16:47.479851,PSIG,Strong Long,27.800836956365835,21.0,,,,SIDEWAYS_LOW_VOL
2025-12-08T17:16:47.479851,FBLA,Strong Long,26.61519803230857,20.0,,,,SIDEWAYS_LOW_VOL
2025-12-08T17:16:47.479851,FULC,Strong Long,26.61519803230857,20.0,,,,SIDEWAYS_LOW_VOL
2025-12-08T17:16:47.479851,CFLT,Strong Long,25.42955910825131,19.0,,,,SIDEWAYS_LOW_VOL
2025-12-08T17:16:47.479851,OCUL,Strong Long,25.42955910825131,19.0,,,,SIDEWAYS_LOW_VOL
2025-12-08T17:16:47.479851,CVNA,Strong Long,25.42955910825131,19.0,,,,SIDEWAYS_LOW_VOL
2025-12-08T17:22:25.348022,SWKHL,Strong Long,28.99052480618797,22.0,,,,SIDEWAYS_LOW_VOL
2025-12-08T17:22:25.348022,CNI,Strong Long,28.99052480618797,22.0,,,,SIDEWAYS_LOW_VOL
2025-12-08T17:22:25.348022,VRNT,Strong Long,27.804576645920008,21.0,,,,SIDEWAYS_LOW_VOL
2025-12-08T17:22:25.348022,HE,Strong Long,27.804576645920008,21.0,,,,SIDEWAYS_LOW_VOL
2025-12-08T17:22:25.348022,PSIG,Strong Long,27.804576645920008,21.0,,,,SIDEWAYS_LOW_VOL
2025-12-08T17:22:25.348022,FBLA,Strong Long,26.618628485652042,20.0,,,,SIDEWAYS_LOW_VOL
2025-12-08T17:22:25.348022,PASG,Strong Long,25.432680325384077,19.0,,,,SIDEWAYS_LOW_VOL
2025-12-08T17:22:25.348022,NRIX,Strong Long,25.432680325384077,19.0,,,,SIDEWAYS_LOW_VOL
2025-12-08T17:22:25.348022,PLBY,Strong Long,25.432680325384077,19.0,,,,SIDEWAYS_LOW_VOL
2025-12-08T17:22:25.348022,SND,Strong Long,25.432680325384077,19.0,,,,SIDEWAYS_LOW_VOL
2025-12-08T17:25:40.387880,CNI,Strong Long,28.979831006540433,22.0,,,,SIDEWAYS_LOW_VOL
2025-12-08T17:25:40.387880,SWKHL,Strong Long,28.979831006540433,22.0,,,,SIDEWAYS_LOW_VOL
2025-12-08T17:25:40.387880,VRNT,Strong Long,27.794179571126527,21.0,,,,SIDEWAYS_LOW_VOL
2025-12-08T17:25:40.387880,HE,Strong Long,27.794179571126527,21.0,,,,SIDEWAYS_LOW_VOL
2025-12-08T17:25:40.387880,PSIG,Strong Long,27.794179571126527,21.0,,,,SIDEWAYS_LOW_VOL
2025-12-08T17:25:40.387880,FCAP,Strong Long,26.608528135712625,20.0,,,,SIDEWAYS_LOW_VOL
2025-12-08T17:25:40.387880,FULC,Strong Long,25.42287670029872,19.0,,,,SIDEWAYS_LOW_VOL
2025-12-08T17:25:40.387880,NRIX,Strong Long,25.42287670029872,19.0,,,,SIDEWAYS_LOW_VOL
2025-12-08T17:25:40.387880,CFLT,Strong Long,25.42287670029872,19.0,,,,SIDEWAYS_LOW_VOL
2025-12-08T17:25:40.387880,WBD,Strong Long,25.42287670029872,19.0,,,,SIDEWAYS_LOW_VOL
2025-12-08T18:45:56.994330,CNI,Strong Long,28.796165552319223,22.0,,,,SIDEWAYS_LOW_VOL
2025-12-08T18:45:56.994330,ADAML,Strong Long,28.796165552319223,22.0,,,,SIDEWAYS_LOW_VOL
2025-12-08T18:45:56.994330,SWKHL,Strong Long,28.796165552319223,22.0,,,,SIDEWAYS_LOW_VOL
2025-12-08T18:45:56.994330,PRO,Strong Long,27.61599616748753,21.0,,,,SIDEWAYS_LOW_VOL
2025-12-08T18:45:56.994330,KOF,Strong Long,27.61599616748753,21.0,,,,SIDEWAYS_LOW_VOL
2025-12-08T18:45:56.994330,VRNT,Strong Long,27.61599616748753,21.0,,,,SIDEWAYS_LOW_VOL
2025-12-08T18:45:56.994330,HE,Strong Long,27.61599616748753,21.0,,,,SIDEWAYS_LOW_VOL
2025-12-08T18:45:56.994330,RENT,Strong Long,26.43582678265584,20.0,,,,SIDEWAYS_LOW_VOL
2025-12-08T18:45:56.994330,ANIX,Strong Long,26.43582678265584,20.0,,,,SIDEWAYS_LOW_VOL
2025-12-08T18:45:56.994330,ODP,Strong Long,26.43582678265584,20.0,,,,SIDEWAYS_LOW_VOL
2025-12-08T19:28:21.309992,CICB,Strong Long,28.68739518253747,22.0,,,,SIDEWAYS_LOW_VOL
2025-12-08T19:28:21.309992,SWKHL,Strong Long,28.68739518253747,22.0,,,,SIDEWAYS_LOW_VOL
2025-12-08T19:28:21.309992,ADAML,Strong Long,28.68739518253747,22.0,,,,SIDEWAYS_LOW_VOL
2025-12-08T19:28:21.309992,CNI,Strong Long,28.68739518253747,22.0,,,,SIDEWAYS_LOW_VOL
2025-12-08T19:28:21.309992,VRNT,Strong Long,27.509730830641217,21.0,,,,SIDEWAYS_LOW_VOL
2025-12-08T19:28:21.309992,PRO,Strong Long,27.509730830641217,21.0,,,,SIDEWAYS_LOW_VOL
2025-12-08T19:28:21.309992,HE,Strong Long,27.509730830641217,21.0,,,,SIDEWAYS_LOW_VOL
2025-12-08T19:28:21.309992,ANIX,Strong Long,26.332066478744963,20.0,,,,SIDEWAYS_LOW_VOL
2025-12-08T19:28:21.309992,IBIO,Strong Long,26.332066478744963,20.0,,,,SIDEWAYS_LOW_VOL
2025-12-08T19:28:21.309992,ODP,Strong Long,26.332066478744963,20.0,,,,SIDEWAYS_LOW_VOL
2025-12-08T19:32:21.601517,ADAML,Strong Long,28.14074530761026,22.0,,,,SIDEWAYS_LOW_VOL
2025-12-08T19:32:21.601517,AFRI,Strong Long,25.891547435550002,20.0,,,,SIDEWAYS_LOW_VOL
2025-12-08T19:32:21.601517,AEF,Strong Long,25.891547435550002,20.0,,,,SIDEWAYS_LOW_VOL
2025-12-08T19:32:21.601517,ADAMI,Strong Long,24.766948499519874,19.0,,,,SIDEWAYS_LOW_VOL
2025-12-08T19:32:21.601517,ACRS,Strong Long,24.766948499519874,19.0,,,,SIDEWAYS_LOW_VOL
2025-12-08T19:32:21.601517,ACRV,Strong Long,22.517750627459616,17.0,,,,SIDEWAYS_LOW_VOL
2025-12-08T19:32:21.601517,ACNT,Long,21.393151691429487,16.0,,,,SIDEWAYS_LOW_VOL
2025-12-08T19:32:21.601517,AIP,Long,20.26855275539936,15.0,,,,SIDEWAYS_LOW_VOL
2025-12-08T19:32:21.601517,AA,Long,20.26855275539936,15.0,,,,SIDEWAYS_LOW_VOL
2025-12-08T19:32:21.601517,AEO,Long,19.14395381936923,14.0,,,,SIDEWAYS_LOW_VOL
2025-12-08T19:33:15.865906,ADAML,Strong Long,28.098524060429753,22.0,,,,SIDEWAYS_LOW_VOL
2025-12-08T19:33:15.865906,AFRI,Strong Long,25.850312866484263,20.0,,,,SIDEWAYS_LOW_VOL
2025-12-08T19:33:15.865906,AEF,Strong Long,25.850312866484263,20.0,,,,SIDEWAYS_LOW_VOL
2025-12-08T19:33:15.865906,ACRS,Strong Long,24.726207269511512,19.0,,,,SIDEWAYS_LOW_VOL
2025-12-08T19:33:15.865906,ADAMI,Strong Long,24.726207269511512,19.0,,,,SIDEWAYS_LOW_VOL
2025-12-08T19:33:15.865906,ACRV,Strong Long,22.47799607556602,17.0,,,,SIDEWAYS_LOW_VOL
2025-12-08T19:33:15.865906,ACNT,Long,21.35389047859327,16.0,,,,SIDEWAYS_LOW_VOL
2025-12-08T19:33:15.865906,AIP,Long,20.229784881620525,15.0,,,,SIDEWAYS_LOW_VOL
2025-12-08T19:33:15.865906,AA,Long,20.229784881620525,15.0,,,,SIDEWAYS_LOW_VOL
2025-12-08T19:33:15.865906,AEO,Long,19.10567928464778,14.0,,,,SIDEWAYS_LOW_VOL
2025-12-08T19:47:03.604382,AIRS,Avoid,0.19167362866895754,0.075526662170887,,,,SIDEWAYS_LOW_VOL
2025-12-08T19:47:03.604382,AFGE,Avoid,0.325954255432233,0.10964243859052658,,,,SIDEWAYS_LOW_VOL
2025-12-08T19:47:03.604382,AFGD,Avoid,0.5295545977165039,0.08708251267671585,,,,SIDEWAYS_LOW_VOL
2025-12-08T19:47:03.604382,ACCL,Avoid,1.782631801954512,0.10041570663452148,,,,SIDEWAYS_LOW_VOL
2025-12-08T19:47:03.604382,AGEN,Avoid,2.5646293538936624,0.068114273250103,,,,SIDEWAYS_LOW_VOL
2025-12-08T19:47:03.604382,ABVC,Avoid,2.1762037652858743,0.05482974648475647,,,,SIDEWAYS_LOW_VOL
2025-12-08T19:47:03.604382,AFCG,Avoid,2.801311764144395,0.04668579250574112,,,,SIDEWAYS_LOW_VOL
2025-12-08T19:47:03.604382,AKA,Avoid,6.143017906601613,0.07240559160709381,,,,SIDEWAYS_LOW_VOL
2025-12-08T19:47:03.604382,ADNT,Avoid,5.769413370545094,0.0596279576420784,,,,SIDEWAYS_LOW_VOL
2025-12-08T19:47:03.604382,AES,Avoid,10.582025289036736,0.10613089054822922,,,,SIDEWAYS_LOW_VOL
2025-12-08T19:50:53.155254,KGEI,Avoid,0.03649604332698608,0.08238527178764343,,,,SIDEWAYS_LOW_VOL
2025-12-08T19:50:53.155254,HOVNP,Avoid,0.038278579833638915,0.08244446665048599,,,,SIDEWAYS_LOW_VOL
2025-12-08T19:50:53.155254,GNE,Avoid,0.07359517872076893,0.1131458729505539,,,,SIDEWAYS_LOW_VOL
2025-12-08T19:50:53.155254,FSI,Avoid,0.13636660588039184,0.08570180833339691,,,,SIDEWAYS_LOW_VOL
2025-12-08T19:50:53.155254,PLX,Avoid,0.0881073352174444,0.05457059666514397,,,,SIDEWAYS_LOW_VOL
2025-12-08T19:50:53.155254,FITBO,Avoid,0.17794346821559692,0.08708251267671585,,,,SIDEWAYS_LOW_VOL
2025-12-08T19:50:53.155254,AFGD,Avoid,0.17794346821559692,0.08708251267671585,,,,SIDEWAYS_LOW_VOL
2025-12-08T19:50:53.155254,AKBA,Avoid,0.12446318829819392,0.05577791854739189,,,,SIDEWAYS_LOW_VOL
2025-12-08T19:50:53.155254,VG,Avoid,0.23323416722072388,0.08891862630844116,,,,SIDEWAYS_LOW_VOL
2025-12-08T19:50:53.155254,RXT,Avoid,0.07894322789983299,0.02473767101764679,,,,SIDEWAYS_LOW_VOL
2025-12-08T20:21:23.323548,CHAI,Avoid,0.015331508373320979,0.011552875861525536,,,,SIDEWAYS_LOW_VOL
2025-12-08T20:21:23.323548,IKT,Avoid,0.017652870868743342,0.011604392901062965,,,,SIDEWAYS_LOW_VOL
2025-12-08T20:21:23.323548,WBI,Avoid,0.03375530407339422,0.011961746960878372,,,,SIDEWAYS_LOW_VOL
2025-12-08T20:21:23.323548,MASI,Avoid,0.09193176195532171,0.013252831064164639,,,,SIDEWAYS_LOW_VOL
2025-12-08T20:21:23.323548,CARV,Avoid,0.4076694498473836,0.05874239653348923,,,,SIDEWAYS_LOW_VOL
2025-12-08T20:21:23.323548,BTTC,Avoid,0.09975063965231268,0.01342635229229927,,,,SIDEWAYS_LOW_VOL
2025-12-08T20:21:23.323548,SIG,Avoid,0.10496360227972357,0.013542041182518005,,,,SIDEWAYS_LOW_VOL
2025-12-08T20:21:23.323548,BTBT,Avoid,0.42817129028665146,0.03995611518621445,,,,SIDEWAYS_LOW_VOL
2025-12-08T20:21:23.323548,CWK,Avoid,0.2539689557304987,0.016848847270011902,,,,SIDEWAYS_LOW_VOL
2025-12-08T20:21:23.323548,BIRD,Avoid,0.9965046776615294,0.05256887897849083,,,,SIDEWAYS_LOW_VOL
2025-12-08T21:19:28.202187,ALPS,Avoid,8.562819728901855,0.29074975848197937,,,,SIDEWAYS_LOW_VOL
2025-12-08T21:19:28.202187,WTO,Avoid,24.510371511296857,0.5968374013900757,,,,SIDEWAYS_LOW_VOL
2025-12-08T21:19:28.202187,AUID,Avoid,20.60855800421678,0.5074842572212219,,,,SIDEWAYS_LOW_VOL
2025-12-08T21:19:28.202187,KRRO,Avoid,22.42919159293666,0.5294715166091919,,,,SIDEWAYS_LOW_VOL
2025-12-08T21:19:28.202187,FATBP,Avoid,5.070949502924473,0.19107845425605774,,,,SIDEWAYS_LOW_VOL
2025-12-08T21:19:28.202187,YYAI,Avoid,30.61468707972373,0.5986867547035217,,,,SIDEWAYS_LOW_VOL
2025-12-08T21:19:28.202187,MGRX,Avoid,12.283321384196425,0.29712677001953125,,,,SIDEWAYS_LOW_VOL
2025-12-08T21:19:28.202187,HIT,Avoid,8.586490934209454,0.23217380046844482,,,,SIDEWAYS_LOW_VOL
2025-12-08T21:19:28.202187,PLAG,Long,29.440689255795487,0.5126836895942688,,,,SIDEWAYS_LOW_VOL
2025-12-08T21:19:28.202187,CETY,Avoid,5.467033212499248,0.16073691844940186,,,,SIDEWAYS_LOW_VOL
2025-12-08T21:40:42.633751,ALPS,Avoid,8.555448263005866,0.29074975848197937,,,,SIDEWAYS_LOW_VOL
2025-12-08T21:40:42.633751,WTO,Avoid,24.491663122958233,0.5968374013900757,,,,SIDEWAYS_LOW_VOL
2025-12-08T21:40:42.633751,AUID,Avoid,20.592975760287334,0.5074842572212219,,,,SIDEWAYS_LOW_VOL
2025-12-08T21:40:42.633751,KRRO,Avoid,22.41262909108689,0.5294715166091919,,,,SIDEWAYS_LOW_VOL
2025-12-08T21:40:42.633751,FATBP,Avoid,5.066853073907956,0.19107845425605774,,,,SIDEWAYS_LOW_VOL
2025-12-08T21:40:42.633751,YYAI,Avoid,30.594434573931075,0.5986867547035217,,,,SIDEWAYS_LOW_VOL
2025-12-08T21:40:42.633751,MGRX,Avoid,12.27488037282517,0.29712677001953125,,,,SIDEWAYS_LOW_VOL
2025-12-08T21:40:42.633751,HIT,Avoid,8.580533171481182,0.23217380046844482,,,,SIDEWAYS_LOW_VOL
2025-12-08T21:40:42.633751,PLAG,Long,29.42280984953286,0.5126836895942688,,,,SIDEWAYS_LOW_VOL
2025-12-08T21:40:42.633751,CETY,Avoid,5.4635740764799605,0.16073691844940186,,,,SIDEWAYS_LOW_VOL
2025-12-08T21:46:45.394317,GSRF,Avoid,1.0540462798112782,0.0018589227693155408,,,,SIDEWAYS_LOW_VOL
2025-12-08T21:46:45.394317,ALPS,Avoid,7.480465263923646,0.3470417261123657,,,,SIDEWAYS_LOW_VOL
2025-12-08T21:46:45.394317,FATBP,Avoid,12.043124009441438,0.47109735012054443,,,,SIDEWAYS_LOW_VOL
2025-12-08T21:46:45.394317,AUID,Avoid,15.638272967151828,0.5167599320411682,,,,SIDEWAYS_LOW_VOL
2025-12-08T21:46:45.394317,KRRO,Avoid,24.10421769289423,0.7226917147636414,,,,SIDEWAYS_LOW_VOL
2025-12-08T21:46:45.394317,MURA,Avoid,0.5344047279685267,0.013215073384344578,,,,SIDEWAYS_LOW_VOL
2025-12-08T21:46:45.394317,YYAI,Avoid,26.173705017075207,0.6634553074836731,,,,SIDEWAYS_LOW_VOL
2025-12-08T21:46:45.394317,USEG,Avoid,19.747547936882764,0.43956053256988525,,,,SIDEWAYS_LOW_VOL
2025-12-08T21:46:45.394317,MVO,Avoid,7.788336834930794,0.22670525312423706,,,,SIDEWAYS_LOW_VOL
2025-12-08T21:46:45.394317,PLAG,Long,20.278106958584644,0.42445775866508484,,,,SIDEWAYS_LOW_VOL
2025-12-09T01:25:56.093805,GSRF,Avoid,0.23506341771184536,0.0018589227693155408,,,,SIDEWAYS_LOW_VOL
2025-12-09T01:25:56.093805,ALPS,Avoid,2.7025106894591833,0.3470417261123657,,,,SIDEWAYS_LOW_VOL
2025-12-09T01:25:56.093805,FATBP,Avoid,6.22779323537626,0.47109735012054443,,,,SIDEWAYS_LOW_VOL
2025-12-09T01:25:56.093805,AUID,Avoid,9.41264711505221,0.5167599320411682,,,,SIDEWAYS_LOW_VOL
2025-12-09T01:25:56.093805,KRRO,Avoid,15.680432827168014,0.7205314636230469,,,,SIDEWAYS_LOW_VOL
2025-12-09T01:25:56.093805,SONN,Avoid,11.697200654903046,0.506466269493103,,,,SIDEWAYS_LOW_VOL
2025-12-09T01:25:56.093805,YYAI,Avoid,19.556025082956115,0.6829264760017395,,,,SIDEWAYS_LOW_VOL
2025-12-09T01:25:56.093805,USEG,Avoid,15.318247698899153,0.43956053256988525,,,,SIDEWAYS_LOW_VOL
2025-12-09T01:25:56.093805,PLAG,Long,16.025543756473947,0.42445775866508484,,,,SIDEWAYS_LOW_VOL
2025-12-09T01:25:56.093805,BYND,Avoid,11.555096204171935,0.343508243560791,,,,SIDEWAYS_LOW_VOL
2025-12-09T01:51:13.395568,GSRF,Avoid,0.23506341771184536,0.0018589227693155408,,,,SIDEWAYS_LOW_VOL
2025-12-09T01:51:13.395568,ALPS,Avoid,2.7025106894591833,0.3470417261123657,,,,SIDEWAYS_LOW_VOL
2025-12-09T01:51:13.395568,FATBP,Avoid,6.22779323537626,0.47109735012054443,,,,SIDEWAYS_LOW_VOL
2025-12-09T01:51:13.395568,AUID,Avoid,9.41264711505221,0.5167599320411682,,,,SIDEWAYS_LOW_VOL
2025-12-09T01:51:13.395568,KRRO,Avoid,15.680432827168014,0.7205314636230469,,,,SIDEWAYS_LOW_VOL
2025-12-09T01:51:13.395568,SONN,Avoid,11.697200654903046,0.506466269493103,,,,SIDEWAYS_LOW_VOL
2025-12-09T01:51:13.395568,YYAI,Avoid,19.556025082956115,0.6829264760017395,,,,SIDEWAYS_LOW_VOL
2025-12-09T01:51:13.395568,USEG,Avoid,15.318247698899153,0.43956053256988525,,,,SIDEWAYS_LOW_VOL
2025-12-09T01:51:13.395568,PLAG,Long,16.025543756473947,0.42445775866508484,,,,SIDEWAYS_LOW_VOL
2025-12-09T01:51:13.395568,BYND,Avoid,11.555096204171935,0.343508243560791,,,,SIDEWAYS_LOW_VOL
2025-12-09T03:20:25.868765,FBLA,Strong Long,23.025224779501578,20.0,,,,SIDEWAYS_LOW_VOL
2025-12-09T03:20:25.868765,CSWC,Long,20.68926710488875,17.0,,,,SIDEWAYS_LOW_VOL
2025-12-09T03:20:25.868765,NEA,Strong Long,24.80539815672735,20.0,,,,SIDEWAYS_LOW_VOL
2025-12-09T03:20:25.868765,JAMF,Long,18.964049364490428,14.0,,,,SIDEWAYS_LOW_VOL
2025-12-09T03:20:25.868765,ODP,Strong Long,29.24049125191047,21.0,,,,SIDEWAYS_LOW_VOL
2025-12-09T03:20:25.868765,AKRO,Strong Long,29.24049125191047,21.0,,,,SIDEWAYS_LOW_VOL
2025-12-09T03:20:25.868765,VRNT,Strong Long,29.24049125191047,21.0,,,,SIDEWAYS_LOW_VOL
2025-12-09T03:20:25.868765,BNS,Strong Long,27.98669283418532,20.0,,,,SIDEWAYS_LOW_VOL
2025-12-09T03:20:25.868765,TXNM,Strong Long,24.22529758100987,17.0,,,,SIDEWAYS_LOW_VOL
2025-12-09T03:20:25.868765,PAA,Strong Long,25.47909599873502,18.0,,,,SIDEWAYS_LOW_VOL
2025-12-09T03:33:20.402977,FBLA,Strong Long,23.025224779501578,20.0,,,,SIDEWAYS_LOW_VOL
2025-12-09T03:33:20.402977,CSWC,Long,20.68926710488875,17.0,,,,SIDEWAYS_LOW_VOL
2025-12-09T03:33:20.402977,NEA,Strong Long,24.80539815672735,20.0,,,,SIDEWAYS_LOW_VOL
2025-12-09T03:33:20.402977,JAMF,Long,18.964049364490428,14.0,,,,SIDEWAYS_LOW_VOL
2025-12-09T03:33:20.402977,ODP,Strong Long,29.24049125191047,21.0,,,,SIDEWAYS_LOW_VOL
2025-12-09T03:33:20.402977,AKRO,Strong Long,29.24049125191047,21.0,,,,SIDEWAYS_LOW_VOL
2025-12-09T03:33:20.402977,VRNT,Strong Long,29.24049125191047,21.0,,,,SIDEWAYS_LOW_VOL
2025-12-09T03:33:20.402977,BNS,Strong Long,27.98669283418532,20.0,,,,SIDEWAYS_LOW_VOL
2025-12-09T03:33:20.402977,TXNM,Strong Long,24.22529758100987,17.0,,,,SIDEWAYS_LOW_VOL
2025-12-09T03:33:20.402977,PAA,Strong Long,25.47909599873502,18.0,,,,SIDEWAYS_LOW_VOL
2025-12-09T04:19:01.030342,ADP,Avoid,10.349578228188678,6.0,,,,SIDEWAYS_LOW_VOL
2025-12-09T04:19:01.030342,ACGL,Avoid,10.349578228188678,6.0,,,,SIDEWAYS_LOW_VOL
2025-12-09T04:19:01.030342,ACP,Avoid,6.901280288619026,2.0999999999999996,,,,SIDEWAYS_LOW_VOL
2025-12-09T04:19:01.030342,ADC,Avoid,1.7310118304448965,-1.0,,,,SIDEWAYS_LOW_VOL
2025-12-09T04:23:31.382755,ACGL,Avoid,10.311583676820527,0.0049966624937951565,,,,SIDEWAYS_LOW_VOL
2025-12-09T04:23:31.382755,ADP,Avoid,9.673144066220056,-0.007721631787717342,,,,SIDEWAYS_LOW_VOL
2025-12-09T04:23:31.382755,ACP,Avoid,6.99924777971747,-0.0013567641144618392,,,,SIDEWAYS_LOW_VOL
2025-12-09T04:23:31.382755,ADC,Avoid,3.493528028467543,0.01084083691239357,,,,SIDEWAYS_LOW_VOL
2025-12-09T04:38:33.511883,ACGL,Avoid,8.814534755974982,0.005554274655878544,,,,SIDEWAYS_LOW_VOL
2025-12-09T04:38:33.511883,ACP,Avoid,8.871171511803269,-0.0034751540515571833,,,,SIDEWAYS_LOW_VOL
2025-12-09T04:38:33.511883,ADP,Avoid,8.097133414710528,-0.008890663273632526,,,,SIDEWAYS_LOW_VOL
2025-12-09T04:38:33.511883,ADC,Avoid,3.7131261704688843,0.01084083691239357,,,,SIDEWAYS_LOW_VOL
2025-12-09T04:42:20.985888,ACP,Avoid,8.871171511803269,-0.0034751540515571833,,,,SIDEWAYS_LOW_VOL
2025-12-09T04:42:20.985888,ACGL,Avoid,8.814534755974982,0.005554274655878544,,,,SIDEWAYS_LOW_VOL
2025-12-09T04:42:20.985888,ADP,Avoid,8.097133414710528,-0.008890663273632526,,,,SIDEWAYS_LOW_VOL
2025-12-09T04:42:20.985888,ADC,Avoid,3.7131261704688843,0.01084083691239357,,,,SIDEWAYS_LOW_VOL
2025-12-09T04:44:09.145068,PRO,Strong Long,24.593439077178658,0.014914069324731827,,,,SIDEWAYS_LOW_VOL
2025-12-09T04:44:09.145068,VRNT,Strong Long,25.66839581988698,0.02019650861620903,,,,SIDEWAYS_LOW_VOL
2025-12-09T04:44:09.145068,VMEO,Strong Long,23.962699510168996,0.011439129710197449,,,,SIDEWAYS_LOW_VOL
2025-12-09T04:44:09.145068,ODP,Strong Long,25.17472445515336,-0.0031248414888978004,,,,SIDEWAYS_LOW_VOL
2025-12-09T04:44:09.145068,PINC,Strong Long,24.77226945896225,-0.006364225409924984,,,,SIDEWAYS_LOW_VOL
2025-12-09T04:44:09.145068,AKRO,Strong Long,24.545798988516296,0.006199655123054981,,,,SIDEWAYS_LOW_VOL
2025-12-09T04:44:09.145068,TXNM,Long,20.472882275628287,-0.006261317990720272,,,,SIDEWAYS_LOW_VOL
2025-12-09T04:44:09.145068,BNS,Long,20.589635908129736,0.0004170425236225128,,,,SIDEWAYS_LOW_VOL
2025-12-09T04:44:09.145068,GHLD,Long,19.72349464376643,0.018399551510810852,,,,SIDEWAYS_LOW_VOL
2025-12-09T04:44:09.145068,GTLS,Long,18.056154028166997,-0.0015173499705269933,,,,SIDEWAYS_LOW_VOL
2025-12-09T22:09:48.993798,VRNT,Strong Long,25.575172679711194,0.02019650861620903,,,,SIDEWAYS_LOW_VOL
2025-12-09T22:09:48.993798,PRO,Strong Long,24.510177986891406,0.014914069324731827,,,,SIDEWAYS_LOW_VOL
2025-12-09T22:09:48.993798,VMEO,Strong Long,23.886015946183978,0.011439129710197449,,,,SIDEWAYS_LOW_VOL
2025-12-09T22:09:48.993798,ODP,Strong Long,25.280306323649704,0.002110051456838846,,,,SIDEWAYS_LOW_VOL
2025-12-09T22:09:48.993798,SPNS,Strong Long,25.24752488814719,-0.009995602071285248,,,,SIDEWAYS_LOW_VOL
2025-12-09T22:09:48.993798,AKRO,Strong Long,24.475717495457793,0.006199655123054981,,,,SIDEWAYS_LOW_VOL
2025-12-09T22:09:48.993798,ALE,Strong Long,23.197982644045176,-0.005685543641448021,,,,SIDEWAYS_LOW_VOL
2025-12-09T22:09:48.993798,GTLS,Long,19.97996183529849,-0.0049665868282318115,,,,SIDEWAYS_LOW_VOL
2025-12-09T22:09:48.993798,PGRE,Long,21.908027365718763,-0.004413081333041191,,,,SIDEWAYS_LOW_VOL
2025-12-09T22:09:48.993798,MRUS,Long,19.609590446607672,-0.010781426914036274,,,,SIDEWAYS_LOW_VOL
2025-12-10T08:55:28.152569,ODP,Strong Long,24.16438292409044,0.08713573217391968,,,,SIDEWAYS_LOW_VOL
2025-12-10T08:55:28.152569,PRO,Strong Long,24.084340658639082,0.0590481162071228,,,,SIDEWAYS_LOW_VOL
2025-12-10T08:55:28.152569,DENN,Long,20.542643294466274,0.14800312947481872,,,,SIDEWAYS_LOW_VOL
2025-12-10T08:55:28.152569,SPNS,Strong Long,25.244623277104616,-0.20872855186462402,,,,SIDEWAYS_LOW_VOL
2025-12-10T08:55:28.152569,ALE,Strong Long,25.199939032150247,-0.31088864952325823,,,,SIDEWAYS_LOW_VOL
2025-12-10T08:55:28.152569,GBDC,Long,20.92229161220374,0.00419093007221818,,,,SIDEWAYS_LOW_VOL
2025-12-10T08:55:28.152569,AKRO,Strong Long,24.16741401375737,-0.28908568769693377,,,,SIDEWAYS_LOW_VOL
2025-12-10T08:55:28.152569,PGRE,Strong Long,22.3486785148784,-1.747441363334656,,,,SIDEWAYS_LOW_VOL
2025-12-10T08:55:28.152569,BXMT,Long,18.980774728665843,0.005024855397641659,,,,SIDEWAYS_LOW_VOL
2025-12-10T08:55:28.152569,GTLS,Long,20.02756610075737,-0.15195500999689102,,,,SIDEWAYS_LOW_VOL
2025-12-10T09:00:13.489583,ODP,Strong Long,24.16438292409044,0.08713573217391968,,,,SIDEWAYS_LOW_VOL
2025-12-10T09:00:13.489583,PRO,Strong Long,24.084340658639082,0.0590481162071228,,,,SIDEWAYS_LOW_VOL
2025-12-10T09:00:13.489583,DENN,Long,20.542643294466274,0.14800312947481872,,,,SIDEWAYS_LOW_VOL
2025-12-10T09:00:13.489583,SPNS,Strong Long,25.244623277104616,-0.20872855186462402,,,,SIDEWAYS_LOW_VOL
2025-12-10T09:00:13.489583,ALE,Strong Long,25.199939032150247,-0.31088864952325823,,,,SIDEWAYS_LOW_VOL
2025-12-10T09:00:13.489583,GBDC,Long,20.92229161220374,0.00419093007221818,,,,SIDEWAYS_LOW_VOL
2025-12-10T09:00:13.489583,AKRO,Strong Long,24.16741401375737,-0.28908568769693377,,,,SIDEWAYS_LOW_VOL
2025-12-10T09:00:13.489583,PGRE,Strong Long,22.3486785148784,-1.747441363334656,,,,SIDEWAYS_LOW_VOL
2025-12-10T09:00:13.489583,BXMT,Long,18.980774728665843,0.005024855397641659,,,,SIDEWAYS_LOW_VOL
2025-12-10T09:00:13.489583,GTLS,Long,20.02756610075737,-0.15195500999689102,,,,SIDEWAYS_LOW_VOL
2025-12-10T10:48:37.519772,HSII,HSII,Strong Long,24.57007750783586,-0.16666486859321594,,,,SIDEWAYS_LOW_VOL
2025-12-10T10:48:37.519772,SPNS,SPNS,Strong Long,26.448341736772484,-0.1846148669719696,,,,SIDEWAYS_LOW_VOL
2025-12-10T10:48:37.519772,ODP,ODP,Strong Long,24.99418928926592,-2.683363472670317,,,,SIDEWAYS_LOW_VOL
2025-12-10T10:48:37.519772,AKRO,AKRO,Strong Long,25.07627179352344,-0.31465390473604204,,,,SIDEWAYS_LOW_VOL
2025-12-10T10:48:37.519772,ALE,ALE,Strong Long,25.437201210860692,-0.3361724928021431,,,,SIDEWAYS_LOW_VOL
2025-12-10T10:48:37.519772,DENN,DENN,Strong Long,25.64491355598752,-1.7135049521923067,,,,SIDEWAYS_LOW_VOL
2025-12-10T10:48:37.519772,PRO,PRO,Strong Long,25.653998368404917,-2.82321602255106,,,,SIDEWAYS_LOW_VOL
2025-12-10T10:48:37.519772,PGRE,PGRE,Strong Long,27.06056475547779,-1.7286143124103548,,,,SIDEWAYS_LOW_VOL
2025-12-10T10:48:37.519772,AL,AL,Strong Long,22.205882304464385,-0.1338450327515602,,,,SIDEWAYS_LOW_VOL
2025-12-10T10:48:37.519772,RIO,RIO,Long,19.806935402213085,0.0016710645519196986,,,,SIDEWAYS_LOW_VOL
2025-12-10T17:38:07.412389,ODP,ODP,Strong Long,24.945225842330473,0.08713573217391968,,,,SIDEWAYS_LOW_VOL
2025-12-10T17:38:07.412389,PRO,PRO,Strong Long,24.866295996887875,0.0590481162071228,,,,SIDEWAYS_LOW_VOL
2025-12-10T17:38:07.412389,AKRO,AKRO,Strong Long,24.958651499081604,-0.28908568769693377,,,,SIDEWAYS_LOW_VOL
2025-12-10T17:38:07.412389,HSII,HSII,Strong Long,24.824627693160444,-0.2708082810044289,,,,SIDEWAYS_LOW_VOL
2025-12-10T17:38:07.412389,VACH,VACH,Strong Long,24.690858792111808,-1.7336708426475527,,,,SIDEWAYS_LOW_VOL
2025-12-10T17:38:07.412389,MRUS,MRUS,Strong Long,24.4784426529322,-0.24290551394224166,,,,SIDEWAYS_LOW_VOL
2025-12-10T17:38:07.412389,ALE,ALE,Long,21.940660873956052,-0.16162610203027725,,,,SIDEWAYS_LOW_VOL
2025-12-10T17:38:07.412389,DAY,DAY,Long,21.771293750366656,-0.18178971260786056,,,,SIDEWAYS_LOW_VOL
2025-12-10T17:38:07.412389,AL,AL,Long,20.811972740409665,-0.16527219265699386,,,,SIDEWAYS_LOW_VOL
2025-12-10T17:38:07.412389,AAM,AAM,Long,21.81492802099278,-2.40212482213974,,,,SIDEWAYS_LOW_VOL
2025-12-10T19:23:11.962025,ODP,ODP,Strong Long,24.66008741742848,0.08713573217391968,,,,SIDEWAYS_LOW_VOL
2025-12-10T19:23:11.962025,PRO,PRO,Strong Long,24.581502866931785,0.0590481162071228,,,,SIDEWAYS_LOW_VOL
2025-12-10T19:23:11.962025,SPNS,SPNS,Long,20.65805800629152,0.062053680419921875,,,,SIDEWAYS_LOW_VOL
2025-12-10T19:23:11.962025,PGRE,PGRE,Strong Long,26.13717675828188,-2.4182237088680267,,,,SIDEWAYS_LOW_VOL
2025-12-10T19:23:11.962025,AKRO,AKRO,Strong Long,24.673237126009738,-0.28908568769693377,,,,SIDEWAYS_LOW_VOL
2025-12-10T19:23:11.962025,HSII,HSII,Strong Long,24.53991102097659,-0.2708082810044289,,,,SIDEWAYS_LOW_VOL
2025-12-10T19:23:11.962025,VACH,VACH,Strong Long,24.49285574319933,-1.7336708426475527,,,,SIDEWAYS_LOW_VOL
2025-12-10T19:23:11.962025,MRUS,MRUS,Strong Long,24.195670022989887,-0.2427918627858162,,,,SIDEWAYS_LOW_VOL
2025-12-10T19:23:11.962025,DAY,DAY,Strong Long,23.505365814272906,-0.19232283681631088,,,,SIDEWAYS_LOW_VOL
2025-12-10T19:23:11.962025,MBAV,MBAV,Strong Long,23.234727723012668,-2.2273395359516144,,,,SIDEWAYS_LOW_VOL
2025-12-10T19:31:11.339714,HSII,HSII,Strong Long,25.25343031780837,-0.16666486859321594,,,,SIDEWAYS_LOW_VOL
2025-12-10T19:31:11.339714,ODP,ODP,Strong Long,25.671426474851437,-2.683363472670317,,,,SIDEWAYS_LOW_VOL
2025-12-10T19:31:11.339714,AKRO,AKRO,Strong Long,25.77139361989753,-0.31465390473604204,,,,SIDEWAYS_LOW_VOL
2025-12-10T19:31:11.339714,MRUS,MRUS,Strong Long,25.96032884306451,-0.2889230266213417,,,,SIDEWAYS_LOW_VOL
2025-12-10T19:31:11.339714,PGRE,PGRE,Strong Long,26.189464216091555,-1.731259208917618,,,,SIDEWAYS_LOW_VOL
2025-12-10T19:31:11.339714,PRO,PRO,Strong Long,26.352600706723024,-2.82321602255106,,,,SIDEWAYS_LOW_VOL
2025-12-10T19:31:11.339714,DAY,DAY,Strong Long,23.921181372556312,-0.2135727122426033,,,,SIDEWAYS_LOW_VOL
2025-12-10T19:31:11.339714,VACH,VACH,Strong Long,22.969604882372813,-1.796549689769745,,,,SIDEWAYS_LOW_VOL
2025-12-10T19:31:11.339714,ALE,ALE,Long,21.933470761266243,-0.18753400593996047,,,,SIDEWAYS_LOW_VOL
2025-12-10T19:31:11.339714,MBAV,MBAV,Strong Long,22.698407014182333,-2.283447653055191,,,,SIDEWAYS_LOW_VOL
2025-12-10T20:19:39.995276,ODP,ODP,Strong Long,24.35625467654137,0.08713573217391968,,,,SIDEWAYS_LOW_VOL
2025-12-10T20:19:39.995276,PRO,PRO,Strong Long,24.2770606175839,0.0590481162071228,,,,SIDEWAYS_LOW_VOL
2025-12-10T20:19:39.995276,SPNS,SPNS,Long,21.45453717828737,0.06955456733703613,,,,SIDEWAYS_LOW_VOL
2025-12-10T20:19:39.995276,MBAV,MBAV,Strong Long,25.529737327064556,-2.2315097749233246,,,,SIDEWAYS_LOW_VOL
2025-12-10T20:19:39.995276,PGRE,PGRE,Strong Long,26.513746558176315,-2.413165330886841,,,,SIDEWAYS_LOW_VOL
2025-12-10T20:19:39.995276,AKRO,AKRO,Strong Long,24.367095159039312,-0.28908568769693377,,,,SIDEWAYS_LOW_VOL
2025-12-10T20:19:39.995276,VACH,VACH,Strong Long,24.297858369916824,-1.7336708426475527,,,,SIDEWAYS_LOW_VOL
2025-12-10T20:19:39.995276,HSII,HSII,Strong Long,24.23402402128314,-0.2708082810044289,,,,SIDEWAYS_LOW_VOL
2025-12-10T20:19:39.995276,ALE,ALE,Strong Long,23.412678901165847,-0.202070714533329,,,,SIDEWAYS_LOW_VOL
2025-12-10T20:19:39.995276,K,K,Strong Long,23.43878663259481,-0.20837609618902206,,,,SIDEWAYS_LOW_VOL
2025-12-10T20:31:52.602911,ODP,ODP,Strong Long,24.277775369050588,0.08713573217391968,,,,SIDEWAYS_LOW_VOL
2025-12-10T20:31:52.602911,PRO,PRO,Strong Long,24.19852578752346,0.0590481162071228,,,,SIDEWAYS_LOW_VOL
2025-12-10T20:31:52.602911,MBAV,MBAV,Strong Long,25.462456538594857,-2.2315097749233246,,,,SIDEWAYS_LOW_VOL
2025-12-10T20:31:52.602911,SPNS,SPNS,Long,20.32394540423845,0.06656765937805176,,,,SIDEWAYS_LOW_VOL
2025-12-10T20:31:52.602911,PGRE,PGRE,Strong Long,26.434870644707782,-2.413165330886841,,,,SIDEWAYS_LOW_VOL
2025-12-10T20:31:52.602911,AKRO,AKRO,Strong Long,24.287916734843993,-0.28908568769693377,,,,SIDEWAYS_LOW_VOL
2025-12-10T20:31:52.602911,VACH,VACH,Strong Long,24.24490948636313,-1.7336708426475527,,,,SIDEWAYS_LOW_VOL
2025-12-10T20:31:52.602911,HSII,HSII,Strong Long,24.155131015593,-0.2708082810044289,,,,SIDEWAYS_LOW_VOL
2025-12-10T20:31:52.602911,ALE,ALE,Strong Long,23.335024804784958,-0.20203477293252944,,,,SIDEWAYS_LOW_VOL
2025-12-10T20:31:52.602911,K,K,Strong Long,23.36132877176742,-0.20837609618902206,,,,SIDEWAYS_LOW_VOL
2025-12-10T20:36:53.773495,HSII,HSII,Strong Long,24.884286602802888,-0.16666486859321594,,,,SIDEWAYS_LOW_VOL
2025-12-10T20:36:53.773495,MBAV,MBAV,Strong Long,24.916282446374524,-2.2979174852371216,,,,SIDEWAYS_LOW_VOL
2025-12-10T20:36:53.773495,ODP,ODP,Strong Long,25.296657762704584,-2.683363472670317,,,,SIDEWAYS_LOW_VOL
2025-12-10T20:36:53.773495,AKRO,AKRO,Strong Long,25.400364125449904,-0.31465390473604204,,,,SIDEWAYS_LOW_VOL
2025-12-10T20:36:53.773495,MRUS,MRUS,Strong Long,25.588475733082877,-0.2889230266213417,,,,SIDEWAYS_LOW_VOL
2025-12-10T20:36:53.773495,PRO,PRO,Strong Long,25.976875626791568,-2.82321602255106,,,,SIDEWAYS_LOW_VOL
2025-12-10T20:36:53.773495,PGRE,PGRE,Strong Long,26.204493671910445,-2.41158789396286,,,,SIDEWAYS_LOW_VOL
2025-12-10T20:36:53.773495,NVG,NVG,Long,19.339834893243385,0.12896708957850933,,,,SIDEWAYS_LOW_VOL
2025-12-10T20:36:53.773495,DAY,DAY,Strong Long,23.55558212335849,-0.2135727122426033,,,,SIDEWAYS_LOW_VOL
2025-12-10T20:36:53.773495,SPNS,SPNS,Long,20.50635957283552,-0.055124178528785706,,,,SIDEWAYS_LOW_VOL
2025-12-10T22:37:29.159420,ODP,ODP,Strong Long,23.52014082134494,0.08713573217391968,,,,SIDEWAYS_LOW_VOL
2025-12-10T22:37:29.159420,PRO,PRO,Strong Long,23.442085724680574,0.0590481162071228,,,,SIDEWAYS_LOW_VOL
2025-12-10T22:37:29.159420,SPNS,SPNS,Strong Long,24.625911897726592,-0.08850830793380737,,,,SIDEWAYS_LOW_VOL
2025-12-10T22:37:29.159420,IMXI,IMXI,Long,19.592297177963985,0.20478151366114616,,,,SIDEWAYS_LOW_VOL
2025-12-10T22:37:29.159420,JAMF,JAMF,Long,20.533403369868935,0.12159669189713895,,,,SIDEWAYS_LOW_VOL
2025-12-10T22:37:29.159420,NVG,NVG,Long,19.83844662240925,0.1283998633734882,,,,SIDEWAYS_LOW_VOL
2025-12-10T22:37:29.159420,VACH,VACH,Strong Long,25.260719198925493,-1.7408938825130464,,,,SIDEWAYS_LOW_VOL
2025-12-10T22:37:29.159420,PGRE,PGRE,Strong Long,25.63086666773546,-2.4187749326229095,,,,SIDEWAYS_LOW_VOL
2025-12-10T22:37:29.159420,HI,HI,Long,19.84966264328819,-0.05333286300301552,,,,SIDEWAYS_LOW_VOL
2025-12-10T22:37:29.159420,HSBC,HSBC,Long,20.483056174243806,-0.0003032522276043893,,,,SIDEWAYS_LOW_VOL
2025-12-11T00:56:38.293258,ODP,ODP,Strong Long,23.461945479450065,0.08713573217391968,,,,SIDEWAYS_LOW_VOL
2025-12-11T00:56:38.293258,PRO,PRO,Strong Long,23.383820240929197,0.0590481162071228,,,,SIDEWAYS_LOW_VOL
2025-12-11T00:56:38.293258,SPNS,SPNS,Strong Long,24.56639912374692,-0.08850830793380737,,,,SIDEWAYS_LOW_VOL
2025-12-11T00:56:38.293258,IMXI,IMXI,Long,19.567337976671826,0.20478151366114616,,,,SIDEWAYS_LOW_VOL
2025-12-11T00:56:38.293258,JAMF,JAMF,Long,20.47746574182259,0.12159669189713895,,,,SIDEWAYS_LOW_VOL
2025-12-11T00:56:38.293258,NVG,NVG,Long,19.807839423130922,0.1283998633734882,,,,SIDEWAYS_LOW_VOL
2025-12-11T00:56:38.293258,VACH,VACH,Strong Long,25.209955839809282,-1.7408938825130464,,,,SIDEWAYS_LOW_VOL
2025-12-11T00:56:38.293258,PGRE,PGRE,Strong Long,25.573238088841716,-2.4187749326229095,,,,SIDEWAYS_LOW_VOL
2025-12-11T00:56:38.293258,HI,HI,Long,19.7939645526532,-0.05333286300301552,,,,SIDEWAYS_LOW_VOL
2025-12-11T00:56:38.293258,NDAQ,NDAQ,Long,20.738941315783322,0.00048003580886870614,,,,SIDEWAYS_LOW_VOL
2025-12-11T01:11:23.329799,ODP,ODP,Strong Long,23.46188021668258,0.08713573217391968,,,,SIDEWAYS_LOW_VOL
2025-12-11T01:11:23.329799,PRO,PRO,Strong Long,23.38375438439575,0.0590481162071228,,,,SIDEWAYS_LOW_VOL
2025-12-11T01:11:23.329799,SPNS,SPNS,Strong Long,24.56635025327929,-0.08850830793380737,,,,SIDEWAYS_LOW_VOL
2025-12-11T01:11:23.329799,IMXI,IMXI,Long,19.56730525204866,0.20478151366114616,,,,SIDEWAYS_LOW_VOL
2025-12-11T01:11:23.329799,JAMF,JAMF,Long,20.477360710618417,0.12159669189713895,,,,SIDEWAYS_LOW_VOL
2025-12-11T01:11:23.329799,NVG,NVG,Long,19.807792521506688,0.1283998633734882,,,,SIDEWAYS_LOW_VOL
2025-12-11T01:11:23.329799,VACH,VACH,Strong Long,25.209922804652038,-1.7408938825130464,,,,SIDEWAYS_LOW_VOL
2025-12-11T01:11:23.329799,PGRE,PGRE,Strong Long,25.5731933472237,-2.4187749326229095,,,,SIDEWAYS_LOW_VOL
2025-12-11T01:11:23.329799,HI,HI,Long,19.79385138993054,-0.05333286300301552,,,,SIDEWAYS_LOW_VOL
2025-12-11T01:11:23.329799,NDAQ,NDAQ,Long,20.738839540619978,0.00048003580886870614,,,,SIDEWAYS_LOW_VOL
2025-12-11T01:41:53.749654,ODP,ODP,Strong Long,23.46188021668258,0.08713573217391968,,,,SIDEWAYS_LOW_VOL
2025-12-11T01:41:53.749654,PRO,PRO,Strong Long,23.38375438439575,0.0590481162071228,,,,SIDEWAYS_LOW_VOL
2025-12-11T01:41:53.749654,SPNS,SPNS,Strong Long,24.56635025327929,-0.08850830793380737,,,,SIDEWAYS_LOW_VOL
2025-12-11T01:41:53.749654,IMXI,IMXI,Long,19.56730525204866,0.20478151366114616,,,,SIDEWAYS_LOW_VOL
2025-12-11T01:41:53.749654,JAMF,JAMF,Long,20.477360710618417,0.12159669189713895,,,,SIDEWAYS_LOW_VOL
2025-12-11T01:41:53.749654,NVG,NVG,Long,19.807792521506688,0.1283998633734882,,,,SIDEWAYS_LOW_VOL
2025-12-11T01:41:53.749654,VACH,VACH,Strong Long,25.209922804652038,-1.7408938825130464,,,,SIDEWAYS_LOW_VOL
2025-12-11T01:41:53.749654,PGRE,PGRE,Strong Long,25.5731933472237,-2.4187749326229095,,,,SIDEWAYS_LOW_VOL
2025-12-11T01:41:53.749654,HI,HI,Long,19.79385138993054,-0.05333286300301552,,,,SIDEWAYS_LOW_VOL
2025-12-11T01:41:53.749654,NDAQ,NDAQ,Long,20.738839540619978,0.00048003580886870614,,,,SIDEWAYS_LOW_VOL
2025-12-11T01:51:30.324040,ODP,ODP,Strong Long,23.46188021668258,0.08713573217391968,,,,SIDEWAYS_LOW_VOL
2025-12-11T01:51:30.324040,PRO,PRO,Strong Long,23.38375438439575,0.0590481162071228,,,,SIDEWAYS_LOW_VOL
2025-12-11T01:51:30.324040,SPNS,SPNS,Strong Long,24.56635025327929,-0.08850830793380737,,,,SIDEWAYS_LOW_VOL
2025-12-11T01:51:30.324040,IMXI,IMXI,Long,19.56730525204866,0.20478151366114616,,,,SIDEWAYS_LOW_VOL
2025-12-11T01:51:30.324040,JAMF,JAMF,Long,20.477360710618417,0.12159669189713895,,,,SIDEWAYS_LOW_VOL
2025-12-11T01:51:30.324040,NVG,NVG,Long,19.807792521506688,0.1283998633734882,,,,SIDEWAYS_LOW_VOL
2025-12-11T01:51:30.324040,VACH,VACH,Strong Long,25.209922804652038,-1.7408938825130464,,,,SIDEWAYS_LOW_VOL
2025-12-11T01:51:30.324040,PGRE,PGRE,Strong Long,25.5731933472237,-2.4187749326229095,,,,SIDEWAYS_LOW_VOL
2025-12-11T01:51:30.324040,HI,HI,Long,19.79385138993054,-0.05333286300301552,,,,SIDEWAYS_LOW_VOL
2025-12-11T01:51:30.324040,NDAQ,NDAQ,Long,20.738839540619978,0.00048003580886870614,,,,SIDEWAYS_LOW_VOL
2025-12-11T02:39:32.326835,ODP,ODP,Strong Long,23.46188021668258,0.08713573217391968,,,,SIDEWAYS_LOW_VOL
2025-12-11T02:39:32.326835,PRO,PRO,Strong Long,23.38375438439575,0.0590481162071228,,,,SIDEWAYS_LOW_VOL
2025-12-11T02:39:32.326835,SPNS,SPNS,Strong Long,24.56635025327929,-0.08850830793380737,,,,SIDEWAYS_LOW_VOL
2025-12-11T02:39:32.326835,IMXI,IMXI,Long,19.56730525204866,0.20478151366114616,,,,SIDEWAYS_LOW_VOL
2025-12-11T02:39:32.326835,JAMF,JAMF,Long,20.477360710618417,0.12159669189713895,,,,SIDEWAYS_LOW_VOL
2025-12-11T02:39:32.326835,NVG,NVG,Long,19.807792521506688,0.1283998633734882,,,,SIDEWAYS_LOW_VOL
2025-12-11T02:39:32.326835,VACH,VACH,Strong Long,25.209922804652038,-1.7408938825130464,,,,SIDEWAYS_LOW_VOL
2025-12-11T02:39:32.326835,PGRE,PGRE,Strong Long,25.5731933472237,-2.4187749326229095,,,,SIDEWAYS_LOW_VOL
2025-12-11T02:39:32.326835,HI,HI,Long,19.79385138993054,-0.05333286300301552,,,,SIDEWAYS_LOW_VOL
2025-12-11T02:39:32.326835,NDAQ,NDAQ,Long,20.738839540619978,0.00048003580886870614,,,,SIDEWAYS_LOW_VOL
2025-12-11T02:51:10.219415,ODP,ODP,Strong Long,23.46188021668258,0.08713573217391968,,,,SIDEWAYS_LOW_VOL
2025-12-11T02:51:10.219415,PRO,PRO,Strong Long,23.38375438439575,0.0590481162071228,,,,SIDEWAYS_LOW_VOL
2025-12-11T02:51:10.219415,SPNS,SPNS,Strong Long,24.56635025327929,-0.08850830793380737,,,,SIDEWAYS_LOW_VOL
2025-12-11T02:51:10.219415,IMXI,IMXI,Long,19.56730525204866,0.20478151366114616,,,,SIDEWAYS_LOW_VOL
2025-12-11T02:51:10.219415,JAMF,JAMF,Long,20.477360710618417,0.12159669189713895,,,,SIDEWAYS_LOW_VOL
2025-12-11T02:51:10.219415,NVG,NVG,Long,19.807792521506688,0.1283998633734882,,,,SIDEWAYS_LOW_VOL
2025-12-11T02:51:10.219415,VACH,VACH,Strong Long,25.209922804652038,-1.7408938825130464,,,,SIDEWAYS_LOW_VOL
2025-12-11T02:51:10.219415,PGRE,PGRE,Strong Long,25.5731933472237,-2.4187749326229095,,,,SIDEWAYS_LOW_VOL
2025-12-11T02:51:10.219415,HI,HI,Long,19.79385138993054,-0.05333286300301552,,,,SIDEWAYS_LOW_VOL
2025-12-11T02:51:10.219415,NDAQ,NDAQ,Long,20.738839540619978,0.00048003580886870614,,,,SIDEWAYS_LOW_VOL
2025-12-11T03:04:31.570323,ODP,ODP,Strong Long,23.46188021668258,0.08713573217391968,,,,SIDEWAYS_LOW_VOL
2025-12-11T03:04:31.570323,PRO,PRO,Strong Long,23.38375438439575,0.0590481162071228,,,,SIDEWAYS_LOW_VOL
2025-12-11T03:04:31.570323,SPNS,SPNS,Strong Long,24.56635025327929,-0.08850830793380737,,,,SIDEWAYS_LOW_VOL
2025-12-11T03:04:31.570323,IMXI,IMXI,Long,19.56730525204866,0.20478151366114616,,,,SIDEWAYS_LOW_VOL
2025-12-11T03:04:31.570323,JAMF,JAMF,Long,20.477360710618417,0.12159669189713895,,,,SIDEWAYS_LOW_VOL
2025-12-11T03:04:31.570323,NVG,NVG,Long,19.807792521506688,0.1283998633734882,,,,SIDEWAYS_LOW_VOL
2025-12-11T03:04:31.570323,VACH,VACH,Strong Long,25.209922804652038,-1.7408938825130464,,,,SIDEWAYS_LOW_VOL
2025-12-11T03:04:31.570323,PGRE,PGRE,Strong Long,25.5731933472237,-2.4187749326229095,,,,SIDEWAYS_LOW_VOL
2025-12-11T03:04:31.570323,HI,HI,Long,19.79385138993054,-0.05333286300301552,,,,SIDEWAYS_LOW_VOL
2025-12-11T03:04:31.570323,NDAQ,NDAQ,Long,20.738839540619978,0.00048003580886870614,,,,SIDEWAYS_LOW_VOL
2025-12-11T03:15:09.018714,ODP,ODP,Strong Long,23.46188021668258,0.08713573217391968,,,,SIDEWAYS_LOW_VOL
2025-12-11T03:15:09.018714,PRO,PRO,Strong Long,23.38375438439575,0.0590481162071228,,,,SIDEWAYS_LOW_VOL
2025-12-11T03:15:09.018714,SPNS,SPNS,Strong Long,24.56635025327929,-0.08850830793380737,,,,SIDEWAYS_LOW_VOL
2025-12-11T03:15:09.018714,IMXI,IMXI,Long,19.56730525204866,0.20478151366114616,,,,SIDEWAYS_LOW_VOL
2025-12-11T03:15:09.018714,JAMF,JAMF,Long,20.477360710618417,0.12159669189713895,,,,SIDEWAYS_LOW_VOL
2025-12-11T03:15:09.018714,NVG,NVG,Long,19.807792521506688,0.1283998633734882,,,,SIDEWAYS_LOW_VOL
2025-12-11T03:15:09.018714,VACH,VACH,Strong Long,25.209922804652038,-1.7408938825130464,,,,SIDEWAYS_LOW_VOL
2025-12-11T03:15:09.018714,PGRE,PGRE,Strong Long,25.5731933472237,-2.4187749326229095,,,,SIDEWAYS_LOW_VOL
2025-12-11T03:15:09.018714,HI,HI,Long,19.79385138993054,-0.05333286300301552,,,,SIDEWAYS_LOW_VOL
2025-12-11T03:15:09.018714,NDAQ,NDAQ,Long,20.738839540619978,0.00048003580886870614,,,,SIDEWAYS_LOW_VOL
2025-12-11T03:22:29.273093,ODP,ODP,Strong Long,23.46188021668258,0.08713573217391968,,,,SIDEWAYS_LOW_VOL
2025-12-11T03:22:29.273093,PRO,PRO,Strong Long,23.38375438439575,0.0590481162071228,,,,SIDEWAYS_LOW_VOL
2025-12-11T03:22:29.273093,SPNS,SPNS,Strong Long,24.56635025327929,-0.08850830793380737,,,,SIDEWAYS_LOW_VOL
2025-12-11T03:22:29.273093,IMXI,IMXI,Long,19.56730525204866,0.20478151366114616,,,,SIDEWAYS_LOW_VOL
2025-12-11T03:22:29.273093,JAMF,JAMF,Long,20.477360710618417,0.12159669189713895,,,,SIDEWAYS_LOW_VOL
2025-12-11T03:22:29.273093,NVG,NVG,Long,19.807792521506688,0.1283998633734882,,,,SIDEWAYS_LOW_VOL
2025-12-11T03:22:29.273093,VACH,VACH,Strong Long,25.209922804652038,-1.7408938825130464,,,,SIDEWAYS_LOW_VOL
2025-12-11T03:22:29.273093,PGRE,PGRE,Strong Long,25.5731933472237,-2.4187749326229095,,,,SIDEWAYS_LOW_VOL
2025-12-11T03:22:29.273093,HI,HI,Long,19.79385138993054,-0.05333286300301552,,,,SIDEWAYS_LOW_VOL
2025-12-11T03:22:29.273093,NDAQ,NDAQ,Long,20.738839540619978,0.00048003580886870614,,,,SIDEWAYS_LOW_VOL
2025-12-11T03:43:16.743590,ODP,ODP,Strong Long,23.46188021668258,0.08713573217391968,,,,SIDEWAYS_LOW_VOL
2025-12-11T03:43:16.743590,PRO,PRO,Strong Long,23.38375438439575,0.0590481162071228,,,,SIDEWAYS_LOW_VOL
2025-12-11T03:43:16.743590,SPNS,SPNS,Strong Long,24.56635025327929,-0.08850830793380737,,,,SIDEWAYS_LOW_VOL
2025-12-11T03:43:16.743590,IMXI,IMXI,Long,19.56730525204866,0.20478151366114616,,,,SIDEWAYS_LOW_VOL
2025-12-11T03:43:16.743590,JAMF,JAMF,Long,20.477360710618417,0.12159669189713895,,,,SIDEWAYS_LOW_VOL
2025-12-11T03:43:16.743590,NVG,NVG,Long,19.807792521506688,0.1283998633734882,,,,SIDEWAYS_LOW_VOL
2025-12-11T03:43:16.743590,VACH,VACH,Strong Long,25.209922804652038,-1.7408938825130464,,,,SIDEWAYS_LOW_VOL
2025-12-11T03:43:16.743590,PGRE,PGRE,Strong Long,25.5731933472237,-2.4187749326229095,,,,SIDEWAYS_LOW_VOL
2025-12-11T03:43:16.743590,HI,HI,Long,19.79385138993054,-0.05333286300301552,,,,SIDEWAYS_LOW_VOL
2025-12-11T03:43:16.743590,NDAQ,NDAQ,Long,20.738839540619978,0.00048003580886870614,,,,SIDEWAYS_LOW_VOL
2025-12-11T03:52:24.562277,ODP,ODP,Strong Long,23.46188021668258,0.08713573217391968,,,,SIDEWAYS_LOW_VOL
2025-12-11T03:52:24.562277,PRO,PRO,Strong Long,23.38375438439575,0.0590481162071228,,,,SIDEWAYS_LOW_VOL
2025-12-11T03:52:24.562277,SPNS,SPNS,Strong Long,24.56635025327929,-0.08850830793380737,,,,SIDEWAYS_LOW_VOL
2025-12-11T03:52:24.562277,IMXI,IMXI,Long,19.56730525204866,0.20478151366114616,,,,SIDEWAYS_LOW_VOL
2025-12-11T03:52:24.562277,JAMF,JAMF,Long,20.477360710618417,0.12159669189713895,,,,SIDEWAYS_LOW_VOL
2025-12-11T03:52:24.562277,NVG,NVG,Long,19.807792521506688,0.1283998633734882,,,,SIDEWAYS_LOW_VOL
2025-12-11T03:52:24.562277,VACH,VACH,Strong Long,25.209922804652038,-1.7408938825130464,,,,SIDEWAYS_LOW_VOL
2025-12-11T03:52:24.562277,PGRE,PGRE,Strong Long,25.5731933472237,-2.4187749326229095,,,,SIDEWAYS_LOW_VOL
2025-12-11T03:52:24.562277,HI,HI,Long,19.79385138993054,-0.05333286300301552,,,,SIDEWAYS_LOW_VOL
2025-12-11T03:52:24.562277,NDAQ,NDAQ,Long,20.738839540619978,0.00048003580886870614,,,,SIDEWAYS_LOW_VOL
2025-12-11T04:03:43.979531,ODP,ODP,Strong Long,23.466066511121227,0.08713573217391968,,,,SIDEWAYS_LOW_VOL
2025-12-11T04:03:43.979531,PRO,PRO,Strong Long,23.387933756584545,0.0590481162071228,,,,SIDEWAYS_LOW_VOL
2025-12-11T04:03:43.979531,SPNS,SPNS,Strong Long,24.57073218899206,-0.08850830793380737,,,,SIDEWAYS_LOW_VOL
2025-12-11T04:03:43.979531,IMXI,IMXI,Long,19.569075300089185,0.20478151366114616,,,,SIDEWAYS_LOW_VOL
2025-12-11T04:03:43.979531,JAMF,JAMF,Long,20.481073278743075,0.12159669189713895,,,,SIDEWAYS_LOW_VOL
2025-12-11T04:03:43.979531,NVG,NVG,Long,19.810028924697406,0.1283998633734882,,,,SIDEWAYS_LOW_VOL
2025-12-11T04:03:43.979531,VACH,VACH,Strong Long,25.213875720134837,-1.7408938825130464,,,,SIDEWAYS_LOW_VOL
2025-12-11T04:03:43.979531,PGRE,PGRE,Strong Long,25.577623468895744,-2.4187749326229095,,,,SIDEWAYS_LOW_VOL
2025-12-11T04:03:43.979531,HI,HI,Long,19.797467186192037,-0.05333286300301552,,,,SIDEWAYS_LOW_VOL
2025-12-11T04:03:43.979531,NDAQ,NDAQ,Long,20.742590811412583,0.00048003580886870614,,,,SIDEWAYS_LOW_VOL
2025-12-11T04:16:38.756997,ODP,ODP,Strong Long,23.466066511121227,0.08713573217391968,,,,SIDEWAYS_LOW_VOL
2025-12-11T04:16:38.756997,PRO,PRO,Strong Long,23.387933756584545,0.0590481162071228,,,,SIDEWAYS_LOW_VOL
2025-12-11T04:16:38.756997,SPNS,SPNS,Strong Long,24.57073218899206,-0.08850830793380737,,,,SIDEWAYS_LOW_VOL
2025-12-11T04:16:38.756997,IMXI,IMXI,Long,19.569075300089185,0.20478151366114616,,,,SIDEWAYS_LOW_VOL
2025-12-11T04:16:38.756997,JAMF,JAMF,Long,20.481073278743075,0.12159669189713895,,,,SIDEWAYS_LOW_VOL
2025-12-11T04:16:38.756997,NVG,NVG,Long,19.810028924697406,0.1283998633734882,,,,SIDEWAYS_LOW_VOL
2025-12-11T04:16:38.756997,VACH,VACH,Strong Long,25.213875720134837,-1.7408938825130464,,,,SIDEWAYS_LOW_VOL
2025-12-11T04:16:38.756997,PGRE,PGRE,Strong Long,25.577623468895744,-2.4187749326229095,,,,SIDEWAYS_LOW_VOL
2025-12-11T04:16:38.756997,HI,HI,Long,19.797467186192037,-0.05333286300301552,,,,SIDEWAYS_LOW_VOL
2025-12-11T04:16:38.756997,NDAQ,NDAQ,Long,20.742590811412583,0.00048003580886870614,,,,SIDEWAYS_LOW_VOL
2025-12-11T04:22:47.866166,ODP,ODP,Strong Long,23.466066511121227,0.08713573217391968,,,,SIDEWAYS_LOW_VOL
2025-12-11T04:22:47.866166,PRO,PRO,Strong Long,23.387933756584545,0.0590481162071228,,,,SIDEWAYS_LOW_VOL
2025-12-11T04:22:47.866166,SPNS,SPNS,Strong Long,24.57073218899206,-0.08850830793380737,,,,SIDEWAYS_LOW_VOL
2025-12-11T04:22:47.866166,IMXI,IMXI,Long,19.569075300089185,0.20478151366114616,,,,SIDEWAYS_LOW_VOL
2025-12-11T04:22:47.866166,JAMF,JAMF,Long,20.481073278743075,0.12159669189713895,,,,SIDEWAYS_LOW_VOL
2025-12-11T04:22:47.866166,NVG,NVG,Long,19.810028924697406,0.1283998633734882,,,,SIDEWAYS_LOW_VOL
2025-12-11T04:22:47.866166,VACH,VACH,Strong Long,25.213875720134837,-1.7408938825130464,,,,SIDEWAYS_LOW_VOL
2025-12-11T04:22:47.866166,PGRE,PGRE,Strong Long,25.577623468895744,-2.4187749326229095,,,,SIDEWAYS_LOW_VOL
2025-12-11T04:22:47.866166,HI,HI,Long,19.797467186192037,-0.05333286300301552,,,,SIDEWAYS_LOW_VOL
2025-12-11T04:22:47.866166,NDAQ,NDAQ,Long,20.742590811412583,0.00048003580886870614,,,,SIDEWAYS_LOW_VOL
2025-12-11T04:29:20.173826,ODP,ODP,Strong Long,23.466066511121227,0.08713573217391968,,,,SIDEWAYS_LOW_VOL
2025-12-11T04:29:20.173826,PRO,PRO,Strong Long,23.387933756584545,0.0590481162071228,,,,SIDEWAYS_LOW_VOL
2025-12-11T04:29:20.173826,SPNS,SPNS,Strong Long,24.57073218899206,-0.08850830793380737,,,,SIDEWAYS_LOW_VOL
2025-12-11T04:29:20.173826,IMXI,IMXI,Long,19.569075300089185,0.20478151366114616,,,,SIDEWAYS_LOW_VOL
2025-12-11T04:29:20.173826,JAMF,JAMF,Long,20.481073278743075,0.12159669189713895,,,,SIDEWAYS_LOW_VOL
2025-12-11T04:29:20.173826,NVG,NVG,Long,19.810028924697406,0.1283998633734882,,,,SIDEWAYS_LOW_VOL
2025-12-11T04:29:20.173826,VACH,VACH,Strong Long,25.213875720134837,-1.7408938825130464,,,,SIDEWAYS_LOW_VOL
2025-12-11T04:29:20.173826,PGRE,PGRE,Strong Long,25.577623468895744,-2.4187749326229095,,,,SIDEWAYS_LOW_VOL
2025-12-11T04:29:20.173826,HI,HI,Long,19.797467186192037,-0.05333286300301552,,,,SIDEWAYS_LOW_VOL
2025-12-11T04:29:20.173826,NDAQ,NDAQ,Long,20.742590811412583,0.00048003580886870614,,,,SIDEWAYS_LOW_VOL
2025-12-11T09:42:54.806400,ODP,ODP,Strong Long,23.465993505222677,0.08713573217391968,,,,SIDEWAYS_LOW_VOL
2025-12-11T09:42:54.806400,PRO,PRO,Strong Long,23.387860653336276,0.0590481162071228,,,,SIDEWAYS_LOW_VOL
2025-12-11T09:42:54.806400,SPNS,SPNS,Strong Long,24.57048524711262,-0.08850830793380737,,,,SIDEWAYS_LOW_VOL
2025-12-11T09:42:54.806400,IMXI,IMXI,Long,19.569090280559525,0.20478151366114616,,,,SIDEWAYS_LOW_VOL
2025-12-11T09:42:54.806400,JAMF,JAMF,Long,20.48137168359648,0.12159669189713895,,,,SIDEWAYS_LOW_VOL
2025-12-11T09:42:54.806400,NVG,NVG,Long,19.810091810967467,0.1283998633734882,,,,SIDEWAYS_LOW_VOL
2025-12-11T09:42:54.806400,VACH,VACH,Strong Long,25.213670780722463,-1.7408938825130464,,,,SIDEWAYS_LOW_VOL
2025-12-11T09:42:54.806400,PGRE,PGRE,Strong Long,25.577451575770198,-2.4187749326229095,,,,SIDEWAYS_LOW_VOL
2025-12-11T09:42:54.806400,HI,HI,Long,19.797829618337886,-0.05333286300301552,,,,SIDEWAYS_LOW_VOL
2025-12-11T09:42:54.806400,NDAQ,NDAQ,Long,20.742861686640836,0.00048003580886870614,,,,SIDEWAYS_LOW_VOL
2025-12-11T09:46:46.536690,ODP,ODP,Strong Long,23.465993505222677,0.08713573217391968,,,,SIDEWAYS_LOW_VOL
2025-12-11T09:46:46.536690,PRO,PRO,Strong Long,23.387860653336276,0.0590481162071228,,,,SIDEWAYS_LOW_VOL
2025-12-11T09:46:46.536690,SPNS,SPNS,Strong Long,24.57048524711262,-0.08850830793380737,,,,SIDEWAYS_LOW_VOL
2025-12-11T09:46:46.536690,IMXI,IMXI,Long,19.569090280559525,0.20478151366114616,,,,SIDEWAYS_LOW_VOL
2025-12-11T09:46:46.536690,JAMF,JAMF,Long,20.48137168359648,0.12159669189713895,,,,SIDEWAYS_LOW_VOL
2025-12-11T09:46:46.536690,NVG,NVG,Long,19.810091810967467,0.1283998633734882,,,,SIDEWAYS_LOW_VOL
2025-12-11T09:46:46.536690,VACH,VACH,Strong Long,25.213670780722463,-1.7408938825130464,,,,SIDEWAYS_LOW_VOL
2025-12-11T09:46:46.536690,PGRE,PGRE,Strong Long,25.577451575770198,-2.4187749326229095,,,,SIDEWAYS_LOW_VOL
2025-12-11T09:46:46.536690,HI,HI,Long,19.797829618337886,-0.05333286300301552,,,,SIDEWAYS_LOW_VOL
2025-12-11T09:46:46.536690,NDAQ,NDAQ,Long,20.742861686640836,0.00048003580886870614,,,,SIDEWAYS_LOW_VOL
2025-12-11T09:51:51.604617,ODP,ODP,Strong Long,23.465993505222677,0.08713573217391968,,,,SIDEWAYS_LOW_VOL
2025-12-11T09:51:51.604617,PRO,PRO,Strong Long,23.387860653336276,0.0590481162071228,,,,SIDEWAYS_LOW_VOL
2025-12-11T09:51:51.604617,SPNS,SPNS,Strong Long,24.57048524711262,-0.08850830793380737,,,,SIDEWAYS_LOW_VOL
2025-12-11T09:51:51.604617,IMXI,IMXI,Long,19.569090280559525,0.20478151366114616,,,,SIDEWAYS_LOW_VOL
2025-12-11T09:51:51.604617,JAMF,JAMF,Long,20.48137168359648,0.12159669189713895,,,,SIDEWAYS_LOW_VOL
2025-12-11T09:51:51.604617,NVG,NVG,Long,19.810091810967467,0.1283998633734882,,,,SIDEWAYS_LOW_VOL
2025-12-11T09:51:51.604617,VACH,VACH,Strong Long,25.213670780722463,-1.7408938825130464,,,,SIDEWAYS_LOW_VOL
2025-12-11T09:51:51.604617,PGRE,PGRE,Strong Long,25.577451575770198,-2.4187749326229095,,,,SIDEWAYS_LOW_VOL
2025-12-11T09:51:51.604617,HI,HI,Long,19.797829618337886,-0.05333286300301552,,,,SIDEWAYS_LOW_VOL
2025-12-11T09:51:51.604617,NDAQ,NDAQ,Long,20.742861686640836,0.00048003580886870614,,,,SIDEWAYS_LOW_VOL
2025-12-11T09:58:02.369920,ODP,ODP,Strong Long,23.465993505222677,0.08713573217391968,,,,SIDEWAYS_LOW_VOL
2025-12-11T09:58:02.369920,PRO,PRO,Strong Long,23.387860653336276,0.0590481162071228,,,,SIDEWAYS_LOW_VOL
2025-12-11T09:58:02.369920,SPNS,SPNS,Strong Long,24.57048524711262,-0.08850830793380737,,,,SIDEWAYS_LOW_VOL
2025-12-11T09:58:02.369920,IMXI,IMXI,Long,19.569090280559525,0.20478151366114616,,,,SIDEWAYS_LOW_VOL
2025-12-11T09:58:02.369920,JAMF,JAMF,Long,20.48137168359648,0.12159669189713895,,,,SIDEWAYS_LOW_VOL
2025-12-11T09:58:02.369920,NVG,NVG,Long,19.810091810967467,0.1283998633734882,,,,SIDEWAYS_LOW_VOL
2025-12-11T09:58:02.369920,VACH,VACH,Strong Long,25.213670780722463,-1.7408938825130464,,,,SIDEWAYS_LOW_VOL
2025-12-11T09:58:02.369920,PGRE,PGRE,Strong Long,25.577451575770198,-2.4187749326229095,,,,SIDEWAYS_LOW_VOL
2025-12-11T09:58:02.369920,HI,HI,Long,19.797829618337886,-0.05333286300301552,,,,SIDEWAYS_LOW_VOL
2025-12-11T09:58:02.369920,NDAQ,NDAQ,Long,20.742861686640836,0.00048003580886870614,,,,SIDEWAYS_LOW_VOL
2025-12-11T10:05:04.913665,ODP,ODP,Strong Long,23.465993505222677,0.08713573217391968,,,,SIDEWAYS_LOW_VOL
2025-12-11T10:05:04.913665,PRO,PRO,Strong Long,23.387860653336276,0.0590481162071228,,,,SIDEWAYS_LOW_VOL
2025-12-11T10:05:04.913665,SPNS,SPNS,Strong Long,24.57048524711262,-0.08850830793380737,,,,SIDEWAYS_LOW_VOL
2025-12-11T10:05:04.913665,IMXI,IMXI,Long,19.569090280559525,0.20478151366114616,,,,SIDEWAYS_LOW_VOL
2025-12-11T10:05:04.913665,JAMF,JAMF,Long,20.48137168359648,0.12159669189713895,,,,SIDEWAYS_LOW_VOL
2025-12-11T10:05:04.913665,NVG,NVG,Long,19.810091810967467,0.1283998633734882,,,,SIDEWAYS_LOW_VOL
2025-12-11T10:05:04.913665,VACH,VACH,Strong Long,25.213670780722463,-1.7408938825130464,,,,SIDEWAYS_LOW_VOL
2025-12-11T10:05:04.913665,PGRE,PGRE,Strong Long,25.577451575770198,-2.4187749326229095,,,,SIDEWAYS_LOW_VOL
2025-12-11T10:05:04.913665,HI,HI,Long,19.797829618337886,-0.05333286300301552,,,,SIDEWAYS_LOW_VOL
2025-12-11T10:05:04.913665,NDAQ,NDAQ,Long,20.742861686640836,0.00048003580886870614,,,,SIDEWAYS_LOW_VOL
2025-12-11T10:18:13.430598,JAMF,JAMF,Long,20.48137168359648,0.12159669189713895,,,,SIDEWAYS_LOW_VOL
2025-12-11T10:18:13.430598,TXNM,TXNM,Strong Long,23.68970810200405,-0.28975203782320025,,,,SIDEWAYS_LOW_VOL
2025-12-11T10:18:13.430598,ALE,ALE,Strong Long,22.5416442277878,-0.20530167371034622,,,,SIDEWAYS_LOW_VOL
2025-12-11T10:18:13.430598,DAY,DAY,Strong Long,22.33762728017846,-0.19338447004556655,,,,SIDEWAYS_LOW_VOL
2025-12-11T10:18:13.430598,NYT,NYT,Long,18.78217975890942,0.0006985294399783014,,,,SIDEWAYS_LOW_VOL
2025-12-11T10:18:13.430598,PAA,PAA,Long,18.50477061594425,0.0036600543186068534,,,,SIDEWAYS_LOW_VOL
2025-12-11T10:18:13.430598,EA,EA,Long,20.035867831755358,-0.13843348771333694,,,,SIDEWAYS_LOW_VOL
2025-12-11T10:18:13.430598,JNJ,JNJ,Long,17.816528405776012,-0.006738660018891096,,,,SIDEWAYS_LOW_VOL
2025-12-11T10:18:13.430598,MCD,MCD,Long,18.39598304711237,-0.10542299887165427,,,,SIDEWAYS_LOW_VOL
2025-12-13T22:02:18.282697,NDAQ,NDAQ,Long,20.304274403602385,0.0002699018456041812,,,,SIDEWAYS_LOW_VOL
2025-12-13T22:02:18.282697,TFC,TFC,Long,19.315241203602024,-0.0009437265711312649,,,,SIDEWAYS_LOW_VOL
2025-12-13T22:02:18.282697,RY,RY,Long,18.958015848196087,0.0014528887346386909,,,,SIDEWAYS_LOW_VOL
2025-12-13T22:02:18.282697,ACGL,ACGL,Long,18.79091857515867,0.0007437541149556636,,,,SIDEWAYS_LOW_VOL
2025-12-13T22:02:18.282697,BUD,BUD,Long,18.169577652587172,-0.00016032384010031828,,,,SIDEWAYS_LOW_VOL
2025-12-13T22:02:18.282697,ING,ING,Long,18.117589018986536,0.001086383033543825,,,,SIDEWAYS_LOW_VOL
2025-12-13T22:02:18.282697,UBS,UBS,Long,17.93478409898058,0.000835912674665451,,,,SIDEWAYS_LOW_VOL
2025-12-13T22:02:18.282697,PEP,PEP,Long,17.86916435090626,-0.0007303875230718405,,,,SIDEWAYS_LOW_VOL
2025-12-13T22:02:18.282697,HSBC,HSBC,Long,17.593794239234832,-0.001067540716030635,,,,SIDEWAYS_LOW_VOL
2025-12-13T22:02:18.282697,RIO,RIO,Long,17.564858962589298,0.0009771569399163126,,,,SIDEWAYS_LOW_VOL
2025-12-15T00:00:30.431972,SPNS,SPNS,Long,21.341351573260074,0.15407788753509521,,,,SIDEWAYS_LOW_VOL
2025-12-15T00:00:30.431972,IMXI,IMXI,Long,19.182048403767126,0.29239029809832573,,,,SIDEWAYS_LOW_VOL
2025-12-15T00:00:30.431972,HI,HI,Long,20.004546694577726,-0.046759508177638055,,,,SIDEWAYS_LOW_VOL
2025-12-15T00:00:30.431972,MBAV,MBAV,Strong Long,25.88149270134284,-2.511712461709976,,,,SIDEWAYS_LOW_VOL
2025-12-15T00:00:30.431972,IQI,IQI,Long,17.42884081025375,0.3694192171096802,,,,SIDEWAYS_LOW_VOL
2025-12-15T00:00:30.431972,NDAQ,NDAQ,Long,20.13228280357179,0.0002699018456041812,,,,SIDEWAYS_LOW_VOL
2025-12-15T00:00:30.431972,ARCC,ARCC,Long,19.66606753260569,0.004687691014260054,,,,SIDEWAYS_LOW_VOL
2025-12-15T00:00:30.431972,NVG,NVG,Long,17.645703622827618,0.14744972251355648,,,,SIDEWAYS_LOW_VOL
2025-12-15T00:00:30.431972,BUD,BUD,Long,19.470577472782324,-0.000338046147953719,,,,SIDEWAYS_LOW_VOL
2025-12-15T00:00:30.431972,UBS,UBS,Long,19.24769188531441,0.0006769037805497645,,,,SIDEWAYS_LOW_VOL
2025-12-15T00:59:33.664305,RY,RY,Long,18.681076769964392,0.0014528887346386909,,,,SIDEWAYS_LOW_VOL
2025-12-15T00:59:33.664305,BUD,BUD,Long,17.88601245111933,-0.00016032384010031828,,,,SIDEWAYS_LOW_VOL
2025-12-15T00:59:33.664305,ING,ING,Long,17.844729560368364,0.001086383033543825,,,,SIDEWAYS_LOW_VOL
2025-12-15T00:59:33.664305,UBS,UBS,Long,17.651723961324418,0.000835912674665451,,,,SIDEWAYS_LOW_VOL
2025-12-15T00:59:33.664305,HSBC,HSBC,Long,17.319900844829455,-0.001067540716030635,,,,SIDEWAYS_LOW_VOL
2025-12-15T00:59:33.664305,RIO,RIO,Long,17.278079042066135,0.0009771569399163126,,,,SIDEWAYS_LOW_VOL
2025-12-15T00:59:33.664305,ICE,ICE,Long,17.187209105569316,0.002014680905267596,,,,SIDEWAYS_LOW_VOL
2025-12-15T00:59:33.664305,TD,TD,Long,16.671268431738056,0.0016598854213953017,,,,SIDEWAYS_LOW_VOL
2025-12-15T00:59:33.664305,BBVA,BBVA,Long,16.64543862374603,0.0032495776191353797,,,,SIDEWAYS_LOW_VOL
2025-12-15T00:59:33.664305,UNP,UNP,Long,16.470580996793327,-0.0007995308755198494,,,,SIDEWAYS_LOW_VOL
2025-12-15T00:59:43.629629,RY,RY,Long,18.681076769964392,0.0014528887346386909,,,,SIDEWAYS_LOW_VOL
2025-12-15T00:59:43.629629,BUD,BUD,Long,17.88601245111933,-0.00016032384010031828,,,,SIDEWAYS_LOW_VOL
2025-12-15T00:59:43.629629,ING,ING,Long,17.844729560368364,0.001086383033543825,,,,SIDEWAYS_LOW_VOL
2025-12-15T00:59:43.629629,UBS,UBS,Long,17.651723961324418,0.000835912674665451,,,,SIDEWAYS_LOW_VOL
2025-12-15T00:59:43.629629,HSBC,HSBC,Long,17.319900844829455,-0.001067540716030635,,,,SIDEWAYS_LOW_VOL
2025-12-15T00:59:43.629629,RIO,RIO,Long,17.278079042066135,0.0009771569399163126,,,,SIDEWAYS_LOW_VOL
2025-12-15T00:59:43.629629,ICE,ICE,Long,17.187209105569316,0.002014680905267596,,,,SIDEWAYS_LOW_VOL
2025-12-15T00:59:43.629629,TD,TD,Long,16.671268431738056,0.0016598854213953017,,,,SIDEWAYS_LOW_VOL
2025-12-15T00:59:43.629629,BBVA,BBVA,Long,16.64543862374603,0.0032495776191353797,,,,SIDEWAYS_LOW_VOL
2025-12-15T00:59:43.629629,UNP,UNP,Long,16.470580996793327,-0.0007995308755198494,,,,SIDEWAYS_LOW_VOL
2025-12-15T01:02:44.513067,SPNS,SPNS,Long,21.54722795287404,0.15407788753509521,,,,SIDEWAYS_LOW_VOL
2025-12-15T01:02:44.513067,IMXI,IMXI,Long,19.253795574182515,0.29239029809832573,,,,SIDEWAYS_LOW_VOL
2025-12-15T01:02:44.513067,HI,HI,Long,20.091335871353476,-0.046759508177638055,,,,SIDEWAYS_LOW_VOL
2025-12-15T01:02:44.513067,MBAV,MBAV,Strong Long,26.154018687800033,-2.511712461709976,,,,SIDEWAYS_LOW_VOL
2025-12-15T01:02:44.513067,NDAQ,NDAQ,Long,20.2788382772171,0.0002699018456041812,,,,SIDEWAYS_LOW_VOL
2025-12-15T01:02:44.513067,ARCC,ARCC,Long,19.766648214565315,0.004687691014260054,,,,SIDEWAYS_LOW_VOL
2025-12-15T01:02:44.513067,NVG,NVG,Long,17.72434115386815,0.14744972251355648,,,,SIDEWAYS_LOW_VOL
2025-12-15T01:02:44.513067,K,K,Long,21.676472675943778,-0.1918548360466957,,,,SIDEWAYS_LOW_VOL
2025-12-15T01:02:44.513067,TXT,TXT,Long,19.11164288636857,0.0007093348773196339,,,,SIDEWAYS_LOW_VOL
2025-12-15T01:02:44.513067,IQI,IQI,Long,16.140677490911493,0.2326997029595077,,,,SIDEWAYS_LOW_VOL
2025-12-15T01:03:36.221932,NDAQ,NDAQ,Long,20.180222193970998,0.0002699018456041812,,,,SIDEWAYS_LOW_VOL
2025-12-15T01:03:36.221932,ARCC,ARCC,Long,19.73288065133822,0.004687691014260054,,,,SIDEWAYS_LOW_VOL
2025-12-15T01:03:36.221932,TXT,TXT,Long,19.021432904252542,0.0007093348773196339,,,,SIDEWAYS_LOW_VOL
2025-12-15T01:03:36.221932,RY,RY,Long,18.809153184871576,0.0014528887346386909,,,,SIDEWAYS_LOW_VOL
2025-12-15T01:03:36.221932,BUD,BUD,Long,17.996897218258333,-0.00016032384010031828,,,,SIDEWAYS_LOW_VOL
2025-12-15T01:03:36.221932,ING,ING,Long,17.95989435561892,0.001086383033543825,,,,SIDEWAYS_LOW_VOL
2025-12-15T01:03:36.221932,UBS,UBS,Long,17.763264100678846,0.000835912674665451,,,,SIDEWAYS_LOW_VOL
2025-12-15T01:03:36.221932,HSBC,HSBC,Long,17.41948328992273,-0.001067540716030635,,,,SIDEWAYS_LOW_VOL
2025-12-15T01:03:36.221932,RIO,RIO,Long,17.385036566209962,0.0009771569399163126,,,,SIDEWAYS_LOW_VOL
2025-12-15T01:03:36.221932,PBA,PBA,Long,17.38445380019125,0.0004943572217598557,,,,SIDEWAYS_LOW_VOL
2025-12-15T01:05:32.443448,SPNS,SPNS,Long,21.54722795287404,0.15407788753509521,,,,SIDEWAYS_LOW_VOL
2025-12-15T01:05:32.443448,IMXI,IMXI,Long,19.253795574182515,0.29239029809832573,,,,SIDEWAYS_LOW_VOL
2025-12-15T01:05:32.443448,HI,HI,Long,20.091335871353476,-0.046759508177638055,,,,SIDEWAYS_LOW_VOL
2025-12-15T01:05:32.443448,MBAV,MBAV,Strong Long,26.154018687800033,-2.511712461709976,,,,SIDEWAYS_LOW_VOL
2025-12-15T01:05:32.443448,NDAQ,NDAQ,Long,20.2788382772171,0.0002699018456041812,,,,SIDEWAYS_LOW_VOL
2025-12-15T01:05:32.443448,ARCC,ARCC,Long,19.766648214565315,0.004687691014260054,,,,SIDEWAYS_LOW_VOL
2025-12-15T01:05:32.443448,NVG,NVG,Long,17.72434115386815,0.14744972251355648,,,,SIDEWAYS_LOW_VOL
2025-12-15T01:05:32.443448,K,K,Long,21.676472675943778,-0.1918548360466957,,,,SIDEWAYS_LOW_VOL
2025-12-15T01:05:32.443448,TXT,TXT,Long,19.11164288636857,0.0007093348773196339,,,,SIDEWAYS_LOW_VOL
2025-12-15T01:05:32.443448,IQI,IQI,Long,16.140677490911493,0.2326997029595077,,,,SIDEWAYS_LOW_VOL
2025-12-15T01:05:37.403027,RY,RY,Long,18.41628128835908,0.0014528887346386909,,,,SIDEWAYS_LOW_VOL
2025-12-15T01:05:37.403027,BUD,BUD,Long,17.63606027568584,-0.00016032384010031828,,,,SIDEWAYS_LOW_VOL
2025-12-15T01:05:37.403027,UBS,UBS,Long,17.42897263004702,0.000835912674665451,,,,SIDEWAYS_LOW_VOL
2025-12-15T01:05:37.403027,RIO,RIO,Long,17.076254141522266,0.0009771569399163126,,,,SIDEWAYS_LOW_VOL
2025-12-15T01:05:37.403027,HSBC,HSBC,Long,17.08426272785932,-0.001067540716030635,,,,SIDEWAYS_LOW_VOL
2025-12-15T01:05:37.403027,BBVA,BBVA,Long,16.510584321125208,0.0032495776191353797,,,,SIDEWAYS_LOW_VOL
2025-12-15T01:05:37.403027,TD,TD,Long,16.510460606217944,0.0016598854213953017,,,,SIDEWAYS_LOW_VOL
2025-12-15T01:05:37.403027,UNP,UNP,Long,16.28168714446108,-0.0007995308755198494,,,,SIDEWAYS_LOW_VOL
2025-12-15T01:05:37.403027,XOM,XOM,Long,16.265542986208303,-0.0018283324665389956,,,,SIDEWAYS_LOW_VOL
2025-12-15T01:05:46.733975,RY,RY,Long,18.681076769964392,0.0014528887346386909,,,,SIDEWAYS_LOW_VOL
2025-12-15T01:05:46.733975,BUD,BUD,Long,17.88601245111933,-0.00016032384010031828,,,,SIDEWAYS_LOW_VOL
2025-12-15T01:05:46.733975,ING,ING,Long,17.844729560368364,0.001086383033543825,,,,SIDEWAYS_LOW_VOL
2025-12-15T01:05:46.733975,UBS,UBS,Long,17.651723961324418,0.000835912674665451,,,,SIDEWAYS_LOW_VOL
2025-12-15T01:05:46.733975,HSBC,HSBC,Long,17.319900844829455,-0.001067540716030635,,,,SIDEWAYS_LOW_VOL
2025-12-15T01:05:46.733975,RIO,RIO,Long,17.278079042066135,0.0009771569399163126,,,,SIDEWAYS_LOW_VOL
2025-12-15T01:05:46.733975,ICE,ICE,Long,17.187209105569316,0.002014680905267596,,,,SIDEWAYS_LOW_VOL
2025-12-15T01:05:46.733975,TD,TD,Long,16.671268431738056,0.0016598854213953017,,,,SIDEWAYS_LOW_VOL
2025-12-15T01:05:46.733975,BBVA,BBVA,Long,16.64543862374603,0.0032495776191353797,,,,SIDEWAYS_LOW_VOL
2025-12-15T01:05:46.733975,UNP,UNP,Long,16.470580996793327,-0.0007995308755198494,,,,SIDEWAYS_LOW_VOL
2025-12-15T01:05:52.810494,RY,RY,Long,18.681076769964392,0.0014528887346386909,,,,SIDEWAYS_LOW_VOL
2025-12-15T01:05:52.810494,BUD,BUD,Long,17.88601245111933,-0.00016032384010031828,,,,SIDEWAYS_LOW_VOL
2025-12-15T01:05:52.810494,ING,ING,Long,17.844729560368364,0.001086383033543825,,,,SIDEWAYS_LOW_VOL
2025-12-15T01:05:52.810494,UBS,UBS,Long,17.651723961324418,0.000835912674665451,,,,SIDEWAYS_LOW_VOL
2025-12-15T01:05:52.810494,HSBC,HSBC,Long,17.319900844829455,-0.001067540716030635,,,,SIDEWAYS_LOW_VOL
2025-12-15T01:05:52.810494,RIO,RIO,Long,17.278079042066135,0.0009771569399163126,,,,SIDEWAYS_LOW_VOL
2025-12-15T01:05:52.810494,ICE,ICE,Long,17.187209105569316,0.002014680905267596,,,,SIDEWAYS_LOW_VOL
2025-12-15T01:05:52.810494,TD,TD,Long,16.671268431738056,0.0016598854213953017,,,,SIDEWAYS_LOW_VOL
2025-12-15T01:05:52.810494,BBVA,BBVA,Long,16.64543862374603,0.0032495776191353797,,,,SIDEWAYS_LOW_VOL
2025-12-15T01:05:52.810494,UNP,UNP,Long,16.470580996793327,-0.0007995308755198494,,,,SIDEWAYS_LOW_VOL
2025-12-15T01:05:57.067032,RY,RY,Long,18.41628128835908,0.0014528887346386909,,,,SIDEWAYS_LOW_VOL
2025-12-15T01:05:57.067032,BUD,BUD,Long,17.63606027568584,-0.00016032384010031828,,,,SIDEWAYS_LOW_VOL
2025-12-15T01:05:57.067032,UBS,UBS,Long,17.42897263004702,0.000835912674665451,,,,SIDEWAYS_LOW_VOL
2025-12-15T01:05:57.067032,RIO,RIO,Long,17.076254141522266,0.0009771569399163126,,,,SIDEWAYS_LOW_VOL
2025-12-15T01:05:57.067032,HSBC,HSBC,Long,17.08426272785932,-0.001067540716030635,,,,SIDEWAYS_LOW_VOL
2025-12-15T01:05:57.067032,BBVA,BBVA,Long,16.510584321125208,0.0032495776191353797,,,,SIDEWAYS_LOW_VOL
2025-12-15T01:05:57.067032,TD,TD,Long,16.510460606217944,0.0016598854213953017,,,,SIDEWAYS_LOW_VOL
2025-12-15T01:05:57.067032,UNP,UNP,Long,16.28168714446108,-0.0007995308755198494,,,,SIDEWAYS_LOW_VOL
2025-12-15T01:05:57.067032,XOM,XOM,Long,16.265542986208303,-0.0018283324665389956,,,,SIDEWAYS_LOW_VOL
2025-12-15T01:06:01.902197,RY,RY,Long,18.41628128835908,0.0014528887346386909,,,,SIDEWAYS_LOW_VOL
2025-12-15T01:06:01.902197,BUD,BUD,Long,17.63606027568584,-0.00016032384010031828,,,,SIDEWAYS_LOW_VOL
2025-12-15T01:06:01.902197,UBS,UBS,Long,17.42897263004702,0.000835912674665451,,,,SIDEWAYS_LOW_VOL
2025-12-15T01:06:01.902197,RIO,RIO,Long,17.076254141522266,0.0009771569399163126,,,,SIDEWAYS_LOW_VOL
2025-12-15T01:06:01.902197,HSBC,HSBC,Long,17.08426272785932,-0.001067540716030635,,,,SIDEWAYS_LOW_VOL
2025-12-15T01:06:01.902197,BBVA,BBVA,Long,16.510584321125208,0.0032495776191353797,,,,SIDEWAYS_LOW_VOL
2025-12-15T01:06:01.902197,TD,TD,Long,16.510460606217944,0.0016598854213953017,,,,SIDEWAYS_LOW_VOL
2025-12-15T01:06:01.902197,UNP,UNP,Long,16.28168714446108,-0.0007995308755198494,,,,SIDEWAYS_LOW_VOL
2025-12-15T01:06:01.902197,XOM,XOM,Long,16.265542986208303,-0.0018283324665389956,,,,SIDEWAYS_LOW_VOL
2025-12-15T01:06:08.605510,RY,RY,Long,18.41628128835908,0.0014528887346386909,,,,SIDEWAYS_LOW_VOL
2025-12-15T01:06:08.605510,BUD,BUD,Long,17.63606027568584,-0.00016032384010031828,,,,SIDEWAYS_LOW_VOL
2025-12-15T01:06:08.605510,UBS,UBS,Long,17.42897263004702,0.000835912674665451,,,,SIDEWAYS_LOW_VOL
2025-12-15T01:06:08.605510,RIO,RIO,Long,17.076254141522266,0.0009771569399163126,,,,SIDEWAYS_LOW_VOL
2025-12-15T01:06:08.605510,HSBC,HSBC,Long,17.08426272785932,-0.001067540716030635,,,,SIDEWAYS_LOW_VOL
2025-12-15T01:06:08.605510,BBVA,BBVA,Long,16.510584321125208,0.0032495776191353797,,,,SIDEWAYS_LOW_VOL
2025-12-15T01:06:08.605510,TD,TD,Long,16.510460606217944,0.0016598854213953017,,,,SIDEWAYS_LOW_VOL
2025-12-15T01:06:08.605510,UNP,UNP,Long,16.28168714446108,-0.0007995308755198494,,,,SIDEWAYS_LOW_VOL
2025-12-15T01:06:08.605510,XOM,XOM,Long,16.265542986208303,-0.0018283324665389956,,,,SIDEWAYS_LOW_VOL
